date,region,store,item,sales,promo_flag,discount
2025-01-01,East,S1,Pizza,119.25,0,0.0
2025-01-02,East,S1,Pizza,123.39,0,0.0
2025-01-03,East,S1,Pizza,134.61,0,0.0
2025-01-04,East,S1,Pizza,148.64,0,0.0
2025-01-05,East,S1,Pizza,99.01,0,0.0
2025-01-06,East,S1,Pizza,101.7,0,0.0
2025-01-07,East,S1,Pizza,117.73,0,0.0
2025-01-08,East,S1,Pizza,121.87,0,0.0
2025-01-09,East,S1,Pizza,127.72,0,0.0
2025-01-10,East,S1,Pizza,139.79,0,0.0
2025-01-11,East,S1,Pizza,153.5,0,0.0
2025-01-12,East,S1,Pizza,106.44,0,0.0
2025-01-13,East,S1,Pizza,109.28,0,0.0
2025-01-14,East,S1,Pizza,117.35,0,0.0
2025-01-15,East,S1,Pizza,128.82,0,0.0
2025-01-16,East,S1,Pizza,126.25,0,0.0
2025-01-17,East,S1,Pizza,139.71,0,0.0
2025-01-18,East,S1,Pizza,146.24,0,0.0
2025-01-19,East,S1,Pizza,100.65,0,0.0
2025-01-20,East,S1,Pizza,110.63,0,0.0
2025-01-21,East,S1,Pizza,111.32,0,0.0
2025-01-22,East,S1,Pizza,118.87,0,0.0
2025-01-23,East,S1,Pizza,143.23,0,0.0
2025-01-24,East,S1,Pizza,135.51,0,0.0
2025-01-25,East,S1,Pizza,142.91,0,0.0
2025-01-26,East,S1,Pizza,97.29,0,0.0
2025-01-27,East,S1,Pizza,98.36,0,0.0
2025-01-28,East,S1,Pizza,122.18,0,0.0
2025-01-29,East,S1,Pizza,128.01,0,0.0
2025-01-30,East,S1,Pizza,130.99,0,0.0
2025-01-31,East,S1,Pizza,128.53,0,0.0
2025-02-01,East,S1,Pizza,142.41,0,0.0
2025-02-02,East,S1,Pizza,95.84,0,0.0
2025-02-03,East,S1,Pizza,103.34,0,0.0
2025-02-04,East,S1,Pizza,132.41,0,0.0
2025-02-05,East,S1,Pizza,127.1,0,0.0
2025-02-06,East,S1,Pizza,126.64,0,0.0
2025-02-07,East,S1,Pizza,143.09,0,0.0
2025-02-08,East,S1,Pizza,147.79,0,0.0
2025-02-09,East,S1,Pizza,112.5,0,0.0
2025-02-10,East,S1,Pizza,114.72,0,0.0
2025-02-11,East,S1,Pizza,125.71,0,0.0
2025-02-12,East,S1,Pizza,130.6,0,0.0
2025-02-13,East,S1,Pizza,133.61,0,0.0
2025-02-14,East,S1,Pizza,141.98,0,0.0
2025-02-15,East,S1,Pizza,147.29,0,0.0
2025-02-16,East,S1,Pizza,102.74,0,0.0
2025-02-17,East,S1,Pizza,104.09,0,0.0
2025-02-18,East,S1,Pizza,128.39,0,0.0
2025-02-19,East,S1,Pizza,134.5,0,0.0
2025-02-20,East,S1,Pizza,135.09,0,0.0
2025-02-21,East,S1,Pizza,167.47,1,0.1
2025-02-22,East,S1,Pizza,150.98,0,0.0
2025-02-23,East,S1,Pizza,110.67,0,0.0
2025-02-24,East,S1,Pizza,97.84,0,0.0
2025-02-25,East,S1,Pizza,123.03,0,0.0
2025-02-26,East,S1,Pizza,129.74,0,0.0
2025-02-27,East,S1,Pizza,126.83,0,0.0
2025-02-28,East,S1,Pizza,140.97,0,0.0
2025-03-01,East,S1,Pizza,159.46,0,0.0
2025-03-02,East,S1,Pizza,97.74,0,0.0
2025-03-03,East,S1,Pizza,111.03,0,0.0
2025-03-04,East,S1,Pizza,121.68,0,0.0
2025-03-05,East,S1,Pizza,132.81,0,0.0
2025-03-06,East,S1,Pizza,132.92,0,0.0
2025-03-07,East,S1,Pizza,135.83,0,0.0
2025-03-08,East,S1,Pizza,151.71,0,0.0
2025-03-09,East,S1,Pizza,102.79,0,0.0
2025-03-10,East,S1,Pizza,113.92,0,0.0
2025-03-11,East,S1,Pizza,126.85,0,0.0
2025-03-12,East,S1,Pizza,130.27,0,0.0
2025-03-13,East,S1,Pizza,148.18,0,0.0
2025-03-14,East,S1,Pizza,132.13,0,0.0
2025-03-15,East,S1,Pizza,144.21,0,0.0
2025-03-16,East,S1,Pizza,99.44,0,0.0
2025-03-17,East,S1,Pizza,112.68,0,0.0
2025-03-18,East,S1,Pizza,128.07,0,0.0
2025-03-19,East,S1,Pizza,130.61,0,0.0
2025-03-20,East,S1,Pizza,140.71,0,0.0
2025-03-21,East,S1,Pizza,141.39,0,0.0
2025-03-22,East,S1,Pizza,150.47,0,0.0
2025-03-23,East,S1,Pizza,108.44,0,0.0
2025-03-24,East,S1,Pizza,106.04,0,0.0
2025-03-25,East,S1,Pizza,136.46,0,0.0
2025-03-26,East,S1,Pizza,133.18,0,0.0
2025-03-27,East,S1,Pizza,145.58,0,0.0
2025-03-28,East,S1,Pizza,143.41,0,0.0
2025-03-29,East,S1,Pizza,157.44,0,0.0
2025-03-30,East,S1,Pizza,108.67,0,0.0
2025-03-31,East,S1,Pizza,106.33,0,0.0
2025-04-01,East,S1,Pizza,118.17,0,0.0
2025-04-02,East,S1,Pizza,147.99,0,0.0
2025-04-03,East,S1,Pizza,140.34,0,0.0
2025-04-04,East,S1,Pizza,137.27,0,0.0
2025-04-05,East,S1,Pizza,165.96,0,0.0
2025-04-06,East,S1,Pizza,114.95,0,0.0
2025-04-07,East,S1,Pizza,114.85,0,0.0
2025-04-08,East,S1,Pizza,129.65,0,0.0
2025-04-09,East,S1,Pizza,131.86,0,0.0
2025-04-10,East,S1,Pizza,134.54,0,0.0
2025-04-11,East,S1,Pizza,145.85,0,0.0
2025-04-12,East,S1,Pizza,161.84,0,0.0
2025-04-13,East,S1,Pizza,111.52,0,0.0
2025-04-14,East,S1,Pizza,103.36,0,0.0
2025-04-15,East,S1,Pizza,130.31,0,0.0
2025-04-16,East,S1,Pizza,139.94,0,0.0
2025-04-17,East,S1,Pizza,142.75,0,0.0
2025-04-18,East,S1,Pizza,152.23,0,0.0
2025-04-19,East,S1,Pizza,171.26,1,0.1
2025-04-20,East,S1,Pizza,110.26,0,0.0
2025-04-21,East,S1,Pizza,115.95,0,0.0
2025-04-22,East,S1,Pizza,130.75,0,0.0
2025-04-23,East,S1,Pizza,134.19,0,0.0
2025-04-24,East,S1,Pizza,138.99,0,0.0
2025-04-25,East,S1,Pizza,146.25,0,0.0
2025-04-26,East,S1,Pizza,160.01,0,0.0
2025-04-27,East,S1,Pizza,108.39,0,0.0
2025-04-28,East,S1,Pizza,121.55,0,0.0
2025-04-29,East,S1,Pizza,119.1,0,0.0
2025-04-30,East,S1,Pizza,145.65,0,0.0
2025-05-01,East,S1,Pizza,137.56,0,0.0
2025-05-02,East,S1,Pizza,152.61,0,0.0
2025-05-03,East,S1,Pizza,158.5,0,0.0
2025-05-04,East,S1,Pizza,113.34,0,0.0
2025-05-05,East,S1,Pizza,109.99,0,0.0
2025-05-06,East,S1,Pizza,130.79,0,0.0
2025-05-07,East,S1,Pizza,137.49,0,0.0
2025-05-08,East,S1,Pizza,154.34,0,0.0
2025-05-09,East,S1,Pizza,153.49,0,0.0
2025-05-10,East,S1,Pizza,172.08,0,0.0
2025-05-11,East,S1,Pizza,110.49,0,0.0
2025-05-12,East,S1,Pizza,110.45,0,0.0
2025-05-13,East,S1,Pizza,129.0,0,0.0
2025-05-14,East,S1,Pizza,139.04,0,0.0
2025-05-15,East,S1,Pizza,141.6,0,0.0
2025-05-16,East,S1,Pizza,154.17,0,0.0
2025-05-17,East,S1,Pizza,174.64,0,0.0
2025-05-18,East,S1,Pizza,122.32,0,0.0
2025-05-19,East,S1,Pizza,116.66,0,0.0
2025-05-20,East,S1,Pizza,139.87,0,0.0
2025-05-21,East,S1,Pizza,136.9,0,0.0
2025-05-22,East,S1,Pizza,149.77,0,0.0
2025-05-23,East,S1,Pizza,155.11,0,0.0
2025-05-24,East,S1,Pizza,157.75,0,0.0
2025-05-25,East,S1,Pizza,107.52,0,0.0
2025-05-26,East,S1,Pizza,123.63,0,0.0
2025-05-27,East,S1,Pizza,134.83,0,0.0
2025-05-28,East,S1,Pizza,136.61,0,0.0
2025-05-29,East,S1,Pizza,143.16,0,0.0
2025-05-30,East,S1,Pizza,162.15,0,0.0
2025-05-31,East,S1,Pizza,170.38,0,0.0
2025-06-01,East,S1,Pizza,108.82,0,0.0
2025-06-02,East,S1,Pizza,119.62,0,0.0
2025-06-03,East,S1,Pizza,143.34,0,0.0
2025-06-04,East,S1,Pizza,141.61,0,0.0
2025-06-05,East,S1,Pizza,154.0,0,0.0
2025-06-06,East,S1,Pizza,152.51,0,0.0
2025-06-07,East,S1,Pizza,179.34,1,0.1
2025-06-08,East,S1,Pizza,109.78,0,0.0
2025-06-09,East,S1,Pizza,122.18,0,0.0
2025-06-10,East,S1,Pizza,135.07,0,0.0
2025-06-11,East,S1,Pizza,136.92,0,0.0
2025-06-12,East,S1,Pizza,142.59,0,0.0
2025-06-13,East,S1,Pizza,149.61,0,0.0
2025-06-14,East,S1,Pizza,164.57,0,0.0
2025-06-15,East,S1,Pizza,109.59,0,0.0
2025-06-16,East,S1,Pizza,121.8,0,0.0
2025-06-17,East,S1,Pizza,143.69,0,0.0
2025-06-18,East,S1,Pizza,141.04,0,0.0
2025-06-19,East,S1,Pizza,148.48,0,0.0
2025-06-20,East,S1,Pizza,163.42,0,0.0
2025-06-21,East,S1,Pizza,177.39,0,0.0
2025-06-22,East,S1,Pizza,118.92,0,0.0
2025-06-23,East,S1,Pizza,117.07,0,0.0
2025-06-24,East,S1,Pizza,134.9,0,0.0
2025-06-25,East,S1,Pizza,143.83,0,0.0
2025-06-26,East,S1,Pizza,146.79,0,0.0
2025-06-27,East,S1,Pizza,150.75,0,0.0
2025-06-28,East,S1,Pizza,179.76,0,0.0
2025-06-29,East,S1,Pizza,120.59,0,0.0
2025-06-30,East,S1,Pizza,115.99,0,0.0
2025-07-01,East,S1,Pizza,134.7,0,0.0
2025-07-02,East,S1,Pizza,136.77,0,0.0
2025-07-03,East,S1,Pizza,159.32,0,0.0
2025-07-04,East,S1,Pizza,160.65,0,0.0
2025-07-05,East,S1,Pizza,171.85,0,0.0
2025-07-06,East,S1,Pizza,114.6,0,0.0
2025-07-07,East,S1,Pizza,128.86,0,0.0
2025-07-08,East,S1,Pizza,135.87,0,0.0
2025-07-09,East,S1,Pizza,145.68,0,0.0
2025-07-10,East,S1,Pizza,156.69,0,0.0
2025-07-11,East,S1,Pizza,162.46,0,0.0
2025-07-12,East,S1,Pizza,174.33,0,0.0
2025-07-13,East,S1,Pizza,114.99,0,0.0
2025-07-14,East,S1,Pizza,127.43,0,0.0
2025-07-15,East,S1,Pizza,135.09,0,0.0
2025-07-16,East,S1,Pizza,146.32,0,0.0
2025-07-17,East,S1,Pizza,152.05,0,0.0
2025-07-18,East,S1,Pizza,158.02,0,0.0
2025-07-19,East,S1,Pizza,174.59,0,0.0
2025-07-20,East,S1,Pizza,112.2,0,0.0
2025-07-21,East,S1,Pizza,128.23,0,0.0
2025-07-22,East,S1,Pizza,140.1,0,0.0
2025-07-23,East,S1,Pizza,150.31,0,0.0
2025-07-24,East,S1,Pizza,152.42,0,0.0
2025-07-25,East,S1,Pizza,161.84,0,0.0
2025-07-26,East,S1,Pizza,175.24,0,0.0
2025-07-27,East,S1,Pizza,120.75,0,0.0
2025-07-28,East,S1,Pizza,128.28,0,0.0
2025-07-29,East,S1,Pizza,140.64,0,0.0
2025-07-30,East,S1,Pizza,145.63,0,0.0
2025-07-31,East,S1,Pizza,147.55,0,0.0
2025-08-01,East,S1,Pizza,157.94,0,0.0
2025-08-02,East,S1,Pizza,163.98,0,0.0
2025-08-03,East,S1,Pizza,126.75,0,0.0
2025-08-04,East,S1,Pizza,121.11,0,0.0
2025-08-05,East,S1,Pizza,130.37,0,0.0
2025-08-06,East,S1,Pizza,141.16,0,0.0
2025-08-07,East,S1,Pizza,163.74,0,0.0
2025-08-08,East,S1,Pizza,162.69,0,0.0
2025-08-09,East,S1,Pizza,169.7,0,0.0
2025-08-10,East,S1,Pizza,121.77,0,0.0
2025-08-11,East,S1,Pizza,123.83,0,0.0
2025-08-12,East,S1,Pizza,148.13,0,0.0
2025-08-13,East,S1,Pizza,157.49,0,0.0
2025-08-14,East,S1,Pizza,158.89,0,0.0
2025-08-15,East,S1,Pizza,161.29,0,0.0
2025-08-16,East,S1,Pizza,183.8,0,0.0
2025-08-17,East,S1,Pizza,113.96,0,0.0
2025-08-18,East,S1,Pizza,131.09,0,0.0
2025-08-19,East,S1,Pizza,142.28,0,0.0
2025-08-20,East,S1,Pizza,150.14,0,0.0
2025-01-01,East,S1,Burger,100.37,0,0.0
2025-01-02,East,S1,Burger,116.39,0,0.0
2025-01-03,East,S1,Burger,127.12,0,0.0
2025-01-04,East,S1,Burger,130.66,0,0.0
2025-01-05,East,S1,Burger,86.2,0,0.0
2025-01-06,East,S1,Burger,97.22,0,0.0
2025-01-07,East,S1,Burger,104.5,0,0.0
2025-01-08,East,S1,Burger,116.85,0,0.0
2025-01-09,East,S1,Burger,117.72,0,0.0
2025-01-10,East,S1,Burger,116.95,0,0.0
2025-01-11,East,S1,Burger,126.95,0,0.0
2025-01-12,East,S1,Burger,85.38,0,0.0
2025-01-13,East,S1,Burger,83.08,0,0.0
2025-01-14,East,S1,Burger,109.73,0,0.0
2025-01-15,East,S1,Burger,107.64,0,0.0
2025-01-16,East,S1,Burger,105.33,0,0.0
2025-01-17,East,S1,Burger,112.48,0,0.0
2025-01-18,East,S1,Burger,130.87,0,0.0
2025-01-19,East,S1,Burger,92.19,0,0.0
2025-01-20,East,S1,Burger,89.69,0,0.0
2025-01-21,East,S1,Burger,99.17,0,0.0
2025-01-22,East,S1,Burger,115.69,0,0.0
2025-01-23,East,S1,Burger,119.13,0,0.0
2025-01-24,East,S1,Burger,121.92,0,0.0
2025-01-25,East,S1,Burger,136.79,0,0.0
2025-01-26,East,S1,Burger,92.88,0,0.0
2025-01-27,East,S1,Burger,104.98,0,0.0
2025-01-28,East,S1,Burger,106.57,0,0.0
2025-01-29,East,S1,Burger,120.35,0,0.0
2025-01-30,East,S1,Burger,114.37,0,0.0
2025-01-31,East,S1,Burger,124.48,0,0.0
2025-02-01,East,S1,Burger,132.76,0,0.0
2025-02-02,East,S1,Burger,95.61,0,0.0
2025-02-03,East,S1,Burger,95.64,0,0.0
2025-02-04,East,S1,Burger,106.83,0,0.0
2025-02-05,East,S1,Burger,119.6,0,0.0
2025-02-06,East,S1,Burger,111.86,0,0.0
2025-02-07,East,S1,Burger,116.09,0,0.0
2025-02-08,East,S1,Burger,132.5,0,0.0
2025-02-09,East,S1,Burger,94.03,0,0.0
2025-02-10,East,S1,Burger,103.7,0,0.0
2025-02-11,East,S1,Burger,109.39,0,0.0
2025-02-12,East,S1,Burger,109.01,0,0.0
2025-02-13,East,S1,Burger,115.75,0,0.0
2025-02-14,East,S1,Burger,138.64,0,0.0
2025-02-15,East,S1,Burger,132.21,0,0.0
2025-02-16,East,S1,Burger,95.25,0,0.0
2025-02-17,East,S1,Burger,98.67,0,0.0
2025-02-18,East,S1,Burger,103.95,0,0.0
2025-02-19,East,S1,Burger,108.22,0,0.0
2025-02-20,East,S1,Burger,122.53,0,0.0
2025-02-21,East,S1,Burger,124.82,0,0.0
2025-02-22,East,S1,Burger,129.76,0,0.0
2025-02-23,East,S1,Burger,85.21,0,0.0
2025-02-24,East,S1,Burger,96.85,0,0.0
2025-02-25,East,S1,Burger,110.31,0,0.0
2025-02-26,East,S1,Burger,111.27,0,0.0
2025-02-27,East,S1,Burger,113.53,0,0.0
2025-02-28,East,S1,Burger,127.46,0,0.0
2025-03-01,East,S1,Burger,129.71,0,0.0
2025-03-02,East,S1,Burger,92.68,0,0.0
2025-03-03,East,S1,Burger,98.06,0,0.0
2025-03-04,East,S1,Burger,118.72,0,0.0
2025-03-05,East,S1,Burger,110.07,0,0.0
2025-03-06,East,S1,Burger,113.91,0,0.0
2025-03-07,East,S1,Burger,123.37,0,0.0
2025-03-08,East,S1,Burger,139.73,0,0.0
2025-03-09,East,S1,Burger,92.09,0,0.0
2025-03-10,East,S1,Burger,107.63,0,0.0
2025-03-11,East,S1,Burger,106.78,0,0.0
2025-03-12,East,S1,Burger,129.27,0,0.0
2025-03-13,East,S1,Burger,131.62,0,0.0
2025-03-14,East,S1,Burger,126.33,0,0.0
2025-03-15,East,S1,Burger,127.08,0,0.0
2025-03-16,East,S1,Burger,93.87,0,0.0
2025-03-17,East,S1,Burger,100.28,0,0.0
2025-03-18,East,S1,Burger,99.62,0,0.0
2025-03-19,East,S1,Burger,117.14,0,0.0
2025-03-20,East,S1,Burger,121.43,0,0.0
2025-03-21,East,S1,Burger,141.56,1,0.1
2025-03-22,East,S1,Burger,142.49,0,0.0
2025-03-23,East,S1,Burger,99.87,0,0.0
2025-03-24,East,S1,Burger,99.78,0,0.0
2025-03-25,East,S1,Burger,112.74,0,0.0
2025-03-26,East,S1,Burger,107.74,0,0.0
2025-03-27,East,S1,Burger,128.32,0,0.0
2025-03-28,East,S1,Burger,120.14,0,0.0
2025-03-29,East,S1,Burger,138.9,0,0.0
2025-03-30,East,S1,Burger,102.05,0,0.0
2025-03-31,East,S1,Burger,101.42,0,0.0
2025-04-01,East,S1,Burger,113.64,0,0.0
2025-04-02,East,S1,Burger,113.59,0,0.0
2025-04-03,East,S1,Burger,135.46,0,0.0
2025-04-04,East,S1,Burger,129.17,0,0.0
2025-04-05,East,S1,Burger,140.91,0,0.0
2025-04-06,East,S1,Burger,98.66,0,0.0
2025-04-07,East,S1,Burger,100.56,0,0.0
2025-04-08,East,S1,Burger,101.23,0,0.0
2025-04-09,East,S1,Burger,115.99,0,0.0
2025-04-10,East,S1,Burger,124.45,0,0.0
2025-04-11,East,S1,Burger,124.97,0,0.0
2025-04-12,East,S1,Burger,134.92,0,0.0
2025-04-13,East,S1,Burger,99.98,0,0.0
2025-04-14,East,S1,Burger,102.95,0,0.0
2025-04-15,East,S1,Burger,112.08,0,0.0
2025-04-16,East,S1,Burger,124.37,0,0.0
2025-04-17,East,S1,Burger,126.6,0,0.0
2025-04-18,East,S1,Burger,126.51,0,0.0
2025-04-19,East,S1,Burger,142.83,0,0.0
2025-04-20,East,S1,Burger,99.52,0,0.0
2025-04-21,East,S1,Burger,105.59,0,0.0
2025-04-22,East,S1,Burger,115.47,0,0.0
2025-04-23,East,S1,Burger,132.44,0,0.0
2025-04-24,East,S1,Burger,121.24,0,0.0
2025-04-25,East,S1,Burger,128.2,0,0.0
2025-04-26,East,S1,Burger,139.56,0,0.0
2025-04-27,East,S1,Burger,97.21,0,0.0
2025-04-28,East,S1,Burger,101.94,0,0.0
2025-04-29,East,S1,Burger,110.83,0,0.0
2025-04-30,East,S1,Burger,125.62,0,0.0
2025-05-01,East,S1,Burger,128.85,0,0.0
2025-05-02,East,S1,Burger,136.38,0,0.0
2025-05-03,East,S1,Burger,140.12,0,0.0
2025-05-04,East,S1,Burger,90.53,0,0.0
2025-05-05,East,S1,Burger,98.92,0,0.0
2025-05-06,East,S1,Burger,114.83,0,0.0
2025-05-07,East,S1,Burger,121.27,0,0.0
2025-05-08,East,S1,Burger,125.33,0,0.0
2025-05-09,East,S1,Burger,125.07,0,0.0
2025-05-10,East,S1,Burger,145.5,0,0.0
2025-05-11,East,S1,Burger,93.26,0,0.0
2025-05-12,East,S1,Burger,112.75,0,0.0
2025-05-13,East,S1,Burger,116.31,0,0.0
2025-05-14,East,S1,Burger,116.03,0,0.0
2025-05-15,East,S1,Burger,124.84,0,0.0
2025-05-16,East,S1,Burger,129.43,0,0.0
2025-05-17,East,S1,Burger,142.33,0,0.0
2025-05-18,East,S1,Burger,103.86,0,0.0
2025-05-19,East,S1,Burger,99.64,0,0.0
2025-05-20,East,S1,Burger,115.48,0,0.0
2025-05-21,East,S1,Burger,128.14,0,0.0
2025-05-22,East,S1,Burger,133.47,0,0.0
2025-05-23,East,S1,Burger,137.07,0,0.0
2025-05-24,East,S1,Burger,148.49,0,0.0
2025-05-25,East,S1,Burger,92.99,0,0.0
2025-05-26,East,S1,Burger,109.04,0,0.0
2025-05-27,East,S1,Burger,119.62,0,0.0
2025-05-28,East,S1,Burger,127.29,0,0.0
2025-05-29,East,S1,Burger,128.84,0,0.0
2025-05-30,East,S1,Burger,141.31,0,0.0
2025-05-31,East,S1,Burger,144.54,0,0.0
2025-06-01,East,S1,Burger,95.47,0,0.0
2025-06-02,East,S1,Burger,113.39,0,0.0
2025-06-03,East,S1,Burger,116.78,0,0.0
2025-06-04,East,S1,Burger,123.7,0,0.0
2025-06-05,East,S1,Burger,122.68,0,0.0
2025-06-06,East,S1,Burger,142.64,0,0.0
2025-06-07,East,S1,Burger,169.47,1,0.1
2025-06-08,East,S1,Burger,94.2,0,0.0
2025-06-09,East,S1,Burger,102.28,0,0.0
2025-06-10,East,S1,Burger,122.6,0,0.0
2025-06-11,East,S1,Burger,130.4,0,0.0
2025-06-12,East,S1,Burger,131.56,0,0.0
2025-06-13,East,S1,Burger,132.96,0,0.0
2025-06-14,East,S1,Burger,153.64,0,0.0
2025-06-15,East,S1,Burger,109.8,0,0.0
2025-06-16,East,S1,Burger,104.47,0,0.0
2025-06-17,East,S1,Burger,120.58,0,0.0
2025-06-18,East,S1,Burger,119.81,0,0.0
2025-06-19,East,S1,Burger,135.9,0,0.0
2025-06-20,East,S1,Burger,143.81,0,0.0
2025-06-21,East,S1,Burger,144.11,0,0.0
2025-06-22,East,S1,Burger,107.44,0,0.0
2025-06-23,East,S1,Burger,112.69,0,0.0
2025-06-24,East,S1,Burger,119.14,0,0.0
2025-06-25,East,S1,Burger,131.37,0,0.0
2025-06-26,East,S1,Burger,130.37,0,0.0
2025-06-27,East,S1,Burger,135.44,0,0.0
2025-06-28,East,S1,Burger,172.56,1,0.1
2025-06-29,East,S1,Burger,101.48,0,0.0
2025-06-30,East,S1,Burger,104.81,0,0.0
2025-07-01,East,S1,Burger,114.79,0,0.0
2025-07-02,East,S1,Burger,129.16,0,0.0
2025-07-03,East,S1,Burger,138.92,0,0.0
2025-07-04,East,S1,Burger,137.59,0,0.0
2025-07-05,East,S1,Burger,157.61,1,0.05
2025-07-06,East,S1,Burger,96.77,0,0.0
2025-07-07,East,S1,Burger,110.69,0,0.0
2025-07-08,East,S1,Burger,129.22,0,0.0
2025-07-09,East,S1,Burger,118.39,0,0.0
2025-07-10,East,S1,Burger,136.35,0,0.0
2025-07-11,East,S1,Burger,138.59,0,0.0
2025-07-12,East,S1,Burger,172.37,1,0.1
2025-07-13,East,S1,Burger,102.53,0,0.0
2025-07-14,East,S1,Burger,110.87,0,0.0
2025-07-15,East,S1,Burger,115.53,0,0.0
2025-07-16,East,S1,Burger,129.16,0,0.0
2025-07-17,East,S1,Burger,135.27,0,0.0
2025-07-18,East,S1,Burger,139.23,0,0.0
2025-07-19,East,S1,Burger,149.42,0,0.0
2025-07-20,East,S1,Burger,98.53,0,0.0
2025-07-21,East,S1,Burger,98.81,0,0.0
2025-07-22,East,S1,Burger,118.9,0,0.0
2025-07-23,East,S1,Burger,134.44,0,0.0
2025-07-24,East,S1,Burger,129.78,0,0.0
2025-07-25,East,S1,Burger,133.64,0,0.0
2025-07-26,East,S1,Burger,147.69,0,0.0
2025-07-27,East,S1,Burger,113.25,0,0.0
2025-07-28,East,S1,Burger,108.43,0,0.0
2025-07-29,East,S1,Burger,126.77,0,0.0
2025-07-30,East,S1,Burger,133.67,0,0.0
2025-07-31,East,S1,Burger,132.63,0,0.0
2025-08-01,East,S1,Burger,141.28,0,0.0
2025-08-02,East,S1,Burger,155.06,0,0.0
2025-08-03,East,S1,Burger,108.9,0,0.0
2025-08-04,East,S1,Burger,115.73,0,0.0
2025-08-05,East,S1,Burger,125.33,0,0.0
2025-08-06,East,S1,Burger,132.89,0,0.0
2025-08-07,East,S1,Burger,135.61,0,0.0
2025-08-08,East,S1,Burger,145.54,0,0.0
2025-08-09,East,S1,Burger,156.62,0,0.0
2025-08-10,East,S1,Burger,100.07,0,0.0
2025-08-11,East,S1,Burger,110.16,0,0.0
2025-08-12,East,S1,Burger,130.87,0,0.0
2025-08-13,East,S1,Burger,129.55,0,0.0
2025-08-14,East,S1,Burger,132.49,0,0.0
2025-08-15,East,S1,Burger,143.47,0,0.0
2025-08-16,East,S1,Burger,171.07,1,0.05
2025-08-17,East,S1,Burger,97.2,0,0.0
2025-08-18,East,S1,Burger,114.58,0,0.0
2025-08-19,East,S1,Burger,124.64,0,0.0
2025-08-20,East,S1,Burger,132.72,0,0.0
2025-01-01,East,S2,Pizza,89.65,0,0.0
2025-01-02,East,S2,Pizza,93.73,0,0.0
2025-01-03,East,S2,Pizza,103.48,1,0.05
2025-01-04,East,S2,Pizza,100.05,0,0.0
2025-01-05,East,S2,Pizza,74.21,0,0.0
2025-01-06,East,S2,Pizza,86.27,0,0.0
2025-01-07,East,S2,Pizza,94.3,0,0.0
2025-01-08,East,S2,Pizza,89.93,0,0.0
2025-01-09,East,S2,Pizza,92.91,0,0.0
2025-01-10,East,S2,Pizza,105.27,0,0.0
2025-01-11,East,S2,Pizza,106.81,0,0.0
2025-01-12,East,S2,Pizza,72.54,0,0.0
2025-01-13,East,S2,Pizza,81.04,0,0.0
2025-01-14,East,S2,Pizza,88.7,0,0.0
2025-01-15,East,S2,Pizza,103.02,0,0.0
2025-01-16,East,S2,Pizza,101.52,0,0.0
2025-01-17,East,S2,Pizza,96.94,0,0.0
2025-01-18,East,S2,Pizza,110.76,0,0.0
2025-01-19,East,S2,Pizza,77.85,0,0.0
2025-01-20,East,S2,Pizza,80.27,0,0.0
2025-01-21,East,S2,Pizza,91.01,0,0.0
2025-01-22,East,S2,Pizza,87.92,0,0.0
2025-01-23,East,S2,Pizza,96.64,0,0.0
2025-01-24,East,S2,Pizza,104.29,0,0.0
2025-01-25,East,S2,Pizza,101.36,0,0.0
2025-01-26,East,S2,Pizza,78.41,0,0.0
2025-01-27,East,S2,Pizza,70.26,0,0.0
2025-01-28,East,S2,Pizza,87.78,0,0.0
2025-01-29,East,S2,Pizza,85.5,0,0.0
2025-01-30,East,S2,Pizza,94.74,0,0.0
2025-01-31,East,S2,Pizza,103.42,0,0.0
2025-02-01,East,S2,Pizza,108.23,0,0.0
2025-02-02,East,S2,Pizza,66.45,0,0.0
2025-02-03,East,S2,Pizza,74.37,0,0.0
2025-02-04,East,S2,Pizza,79.16,0,0.0
2025-02-05,East,S2,Pizza,101.15,0,0.0
2025-02-06,East,S2,Pizza,97.62,0,0.0
2025-02-07,East,S2,Pizza,108.1,1,0.05
2025-02-08,East,S2,Pizza,105.02,0,0.0
2025-02-09,East,S2,Pizza,78.7,0,0.0
2025-02-10,East,S2,Pizza,83.84,0,0.0
2025-02-11,East,S2,Pizza,84.69,0,0.0
2025-02-12,East,S2,Pizza,100.05,0,0.0
2025-02-13,East,S2,Pizza,93.41,0,0.0
2025-02-14,East,S2,Pizza,96.18,0,0.0
2025-02-15,East,S2,Pizza,110.41,0,0.0
2025-02-16,East,S2,Pizza,71.68,0,0.0
2025-02-17,East,S2,Pizza,77.32,0,0.0
2025-02-18,East,S2,Pizza,86.45,0,0.0
2025-02-19,East,S2,Pizza,92.83,0,0.0
2025-02-20,East,S2,Pizza,99.31,0,0.0
2025-02-21,East,S2,Pizza,107.49,0,0.0
2025-02-22,East,S2,Pizza,106.73,0,0.0
2025-02-23,East,S2,Pizza,69.64,0,0.0
2025-02-24,East,S2,Pizza,77.96,0,0.0
2025-02-25,East,S2,Pizza,99.73,0,0.0
2025-02-26,East,S2,Pizza,101.24,0,0.0
2025-02-27,East,S2,Pizza,88.35,0,0.0
2025-02-28,East,S2,Pizza,97.0,0,0.0
2025-03-01,East,S2,Pizza,115.97,0,0.0
2025-03-02,East,S2,Pizza,78.07,0,0.0
2025-03-03,East,S2,Pizza,75.29,0,0.0
2025-03-04,East,S2,Pizza,83.07,0,0.0
2025-03-05,East,S2,Pizza,87.59,0,0.0
2025-03-06,East,S2,Pizza,93.27,0,0.0
2025-03-07,East,S2,Pizza,105.85,0,0.0
2025-03-08,East,S2,Pizza,113.54,0,0.0
2025-03-09,East,S2,Pizza,77.75,0,0.0
2025-03-10,East,S2,Pizza,87.78,0,0.0
2025-03-11,East,S2,Pizza,87.36,0,0.0
2025-03-12,East,S2,Pizza,101.17,0,0.0
2025-03-13,East,S2,Pizza,96.05,0,0.0
2025-03-14,East,S2,Pizza,109.28,0,0.0
2025-03-15,East,S2,Pizza,112.78,0,0.0
2025-03-16,East,S2,Pizza,74.76,0,0.0
2025-03-17,East,S2,Pizza,84.21,0,0.0
2025-03-18,East,S2,Pizza,84.02,0,0.0
2025-03-19,East,S2,Pizza,99.23,0,0.0
2025-03-20,East,S2,Pizza,87.32,0,0.0
2025-03-21,East,S2,Pizza,100.76,0,0.0
2025-03-22,East,S2,Pizza,114.66,0,0.0
2025-03-23,East,S2,Pizza,78.35,0,0.0
2025-03-24,East,S2,Pizza,85.72,0,0.0
2025-03-25,East,S2,Pizza,95.69,0,0.0
2025-03-26,East,S2,Pizza,97.94,0,0.0
2025-03-27,East,S2,Pizza,101.39,0,0.0
2025-03-28,East,S2,Pizza,131.03,1,0.1
2025-03-29,East,S2,Pizza,107.96,0,0.0
2025-03-30,East,S2,Pizza,68.17,0,0.0
2025-03-31,East,S2,Pizza,83.27,0,0.0
2025-04-01,East,S2,Pizza,85.38,0,0.0
2025-04-02,East,S2,Pizza,105.9,0,0.0
2025-04-03,East,S2,Pizza,107.19,0,0.0
2025-04-04,East,S2,Pizza,111.01,0,0.0
2025-04-05,East,S2,Pizza,115.28,0,0.0
2025-04-06,East,S2,Pizza,76.72,0,0.0
2025-04-07,East,S2,Pizza,75.67,0,0.0
2025-04-08,East,S2,Pizza,98.6,0,0.0
2025-04-09,East,S2,Pizza,101.34,0,0.0
2025-04-10,East,S2,Pizza,96.92,0,0.0
2025-04-11,East,S2,Pizza,108.9,0,0.0
2025-04-12,East,S2,Pizza,109.8,0,0.0
2025-04-13,East,S2,Pizza,81.5,0,0.0
2025-04-14,East,S2,Pizza,84.51,0,0.0
2025-04-15,East,S2,Pizza,92.97,0,0.0
2025-04-16,East,S2,Pizza,100.15,0,0.0
2025-04-17,East,S2,Pizza,101.7,0,0.0
2025-04-18,East,S2,Pizza,109.5,0,0.0
2025-04-19,East,S2,Pizza,117.51,0,0.0
2025-04-20,East,S2,Pizza,82.15,0,0.0
2025-04-21,East,S2,Pizza,89.03,0,0.0
2025-04-22,East,S2,Pizza,96.33,0,0.0
2025-04-23,East,S2,Pizza,94.02,0,0.0
2025-04-24,East,S2,Pizza,98.0,0,0.0
2025-04-25,East,S2,Pizza,94.36,0,0.0
2025-04-26,East,S2,Pizza,116.69,0,0.0
2025-04-27,East,S2,Pizza,85.06,0,0.0
2025-04-28,East,S2,Pizza,84.77,0,0.0
2025-04-29,East,S2,Pizza,98.2,0,0.0
2025-04-30,East,S2,Pizza,88.72,0,0.0
2025-05-01,East,S2,Pizza,105.3,0,0.0
2025-05-02,East,S2,Pizza,106.24,0,0.0
2025-05-03,East,S2,Pizza,119.22,0,0.0
2025-05-04,East,S2,Pizza,80.81,0,0.0
2025-05-05,East,S2,Pizza,90.42,0,0.0
2025-05-06,East,S2,Pizza,96.2,0,0.0
2025-05-07,East,S2,Pizza,91.26,0,0.0
2025-05-08,East,S2,Pizza,99.16,0,0.0
2025-05-09,East,S2,Pizza,103.83,0,0.0
2025-05-10,East,S2,Pizza,116.42,0,0.0
2025-05-11,East,S2,Pizza,73.43,0,0.0
2025-05-12,East,S2,Pizza,85.54,0,0.0
2025-05-13,East,S2,Pizza,100.0,0,0.0
2025-05-14,East,S2,Pizza,91.85,0,0.0
2025-05-15,East,S2,Pizza,111.17,0,0.0
2025-05-16,East,S2,Pizza,106.75,0,0.0
2025-05-17,East,S2,Pizza,118.31,0,0.0
2025-05-18,East,S2,Pizza,75.86,0,0.0
2025-05-19,East,S2,Pizza,85.14,0,0.0
2025-05-20,East,S2,Pizza,102.02,0,0.0
2025-05-21,East,S2,Pizza,103.16,0,0.0
2025-05-22,East,S2,Pizza,103.29,0,0.0
2025-05-23,East,S2,Pizza,112.67,0,0.0
2025-05-24,East,S2,Pizza,119.79,0,0.0
2025-05-25,East,S2,Pizza,74.97,0,0.0
2025-05-26,East,S2,Pizza,87.96,0,0.0
2025-05-27,East,S2,Pizza,90.05,0,0.0
2025-05-28,East,S2,Pizza,90.42,0,0.0
2025-05-29,East,S2,Pizza,97.86,0,0.0
2025-05-30,East,S2,Pizza,116.17,0,0.0
2025-05-31,East,S2,Pizza,117.67,0,0.0
2025-06-01,East,S2,Pizza,77.7,0,0.0
2025-06-02,East,S2,Pizza,83.34,0,0.0
2025-06-03,East,S2,Pizza,91.17,0,0.0
2025-06-04,East,S2,Pizza,97.85,0,0.0
2025-06-05,East,S2,Pizza,100.28,0,0.0
2025-06-06,East,S2,Pizza,114.99,0,0.0
2025-06-07,East,S2,Pizza,118.12,0,0.0
2025-06-08,East,S2,Pizza,78.36,0,0.0
2025-06-09,East,S2,Pizza,79.26,0,0.0
2025-06-10,East,S2,Pizza,94.43,0,0.0
2025-06-11,East,S2,Pizza,102.0,0,0.0
2025-06-12,East,S2,Pizza,106.84,0,0.0
2025-06-13,East,S2,Pizza,115.04,0,0.0
2025-06-14,East,S2,Pizza,129.53,0,0.0
2025-06-15,East,S2,Pizza,80.51,0,0.0
2025-06-16,East,S2,Pizza,78.24,0,0.0
2025-06-17,East,S2,Pizza,96.11,0,0.0
2025-06-18,East,S2,Pizza,94.71,0,0.0
2025-06-19,East,S2,Pizza,110.64,0,0.0
2025-06-20,East,S2,Pizza,102.67,0,0.0
2025-06-21,East,S2,Pizza,133.41,0,0.0
2025-06-22,East,S2,Pizza,84.18,0,0.0
2025-06-23,East,S2,Pizza,89.61,0,0.0
2025-06-24,East,S2,Pizza,103.93,0,0.0
2025-06-25,East,S2,Pizza,104.51,0,0.0
2025-06-26,East,S2,Pizza,108.45,0,0.0
2025-06-27,East,S2,Pizza,111.18,0,0.0
2025-06-28,East,S2,Pizza,113.22,0,0.0
2025-06-29,East,S2,Pizza,78.44,0,0.0
2025-06-30,East,S2,Pizza,89.0,0,0.0
2025-07-01,East,S2,Pizza,95.29,0,0.0
2025-07-02,East,S2,Pizza,96.58,0,0.0
2025-07-03,East,S2,Pizza,101.92,0,0.0
2025-07-04,East,S2,Pizza,110.82,0,0.0
2025-07-05,East,S2,Pizza,118.88,0,0.0
2025-07-06,East,S2,Pizza,80.12,0,0.0
2025-07-07,East,S2,Pizza,86.52,0,0.0
2025-07-08,East,S2,Pizza,93.76,0,0.0
2025-07-09,East,S2,Pizza,104.72,0,0.0
2025-07-10,East,S2,Pizza,111.07,0,0.0
2025-07-11,East,S2,Pizza,122.3,0,0.0
2025-07-12,East,S2,Pizza,120.94,0,0.0
2025-07-13,East,S2,Pizza,85.43,0,0.0
2025-07-14,East,S2,Pizza,85.4,0,0.0
2025-07-15,East,S2,Pizza,98.12,0,0.0
2025-07-16,East,S2,Pizza,106.78,0,0.0
2025-07-17,East,S2,Pizza,105.98,0,0.0
2025-07-18,East,S2,Pizza,110.43,0,0.0
2025-07-19,East,S2,Pizza,123.57,0,0.0
2025-07-20,East,S2,Pizza,85.51,0,0.0
2025-07-21,East,S2,Pizza,82.96,0,0.0
2025-07-22,East,S2,Pizza,102.01,0,0.0
2025-07-23,East,S2,Pizza,109.08,0,0.0
2025-07-24,East,S2,Pizza,109.63,0,0.0
2025-07-25,East,S2,Pizza,116.43,0,0.0
2025-07-26,East,S2,Pizza,116.21,0,0.0
2025-07-27,East,S2,Pizza,89.68,0,0.0
2025-07-28,East,S2,Pizza,88.88,0,0.0
2025-07-29,East,S2,Pizza,101.1,0,0.0
2025-07-30,East,S2,Pizza,104.57,0,0.0
2025-07-31,East,S2,Pizza,114.23,0,0.0
2025-08-01,East,S2,Pizza,120.46,0,0.0
2025-08-02,East,S2,Pizza,119.36,0,0.0
2025-08-03,East,S2,Pizza,84.97,0,0.0
2025-08-04,East,S2,Pizza,89.8,0,0.0
2025-08-05,East,S2,Pizza,95.81,0,0.0
2025-08-06,East,S2,Pizza,119.67,0,0.0
2025-08-07,East,S2,Pizza,112.06,0,0.0
2025-08-08,East,S2,Pizza,116.2,0,0.0
2025-08-09,East,S2,Pizza,120.47,0,0.0
2025-08-10,East,S2,Pizza,89.68,0,0.0
2025-08-11,East,S2,Pizza,89.94,0,0.0
2025-08-12,East,S2,Pizza,96.29,0,0.0
2025-08-13,East,S2,Pizza,110.7,0,0.0
2025-08-14,East,S2,Pizza,98.13,0,0.0
2025-08-15,East,S2,Pizza,116.61,0,0.0
2025-08-16,East,S2,Pizza,130.01,0,0.0
2025-08-17,East,S2,Pizza,91.3,0,0.0
2025-08-18,East,S2,Pizza,93.09,0,0.0
2025-08-19,East,S2,Pizza,102.54,0,0.0
2025-08-20,East,S2,Pizza,104.43,0,0.0
2025-01-01,East,S2,Burger,137.17,0,0.0
2025-01-02,East,S2,Burger,138.65,0,0.0
2025-01-03,East,S2,Burger,150.77,0,0.0
2025-01-04,East,S2,Burger,156.67,0,0.0
2025-01-05,East,S2,Burger,109.23,0,0.0
2025-01-06,East,S2,Burger,123.49,0,0.0
2025-01-07,East,S2,Burger,138.16,0,0.0
2025-01-08,East,S2,Burger,126.7,0,0.0
2025-01-09,East,S2,Burger,145.31,0,0.0
2025-01-10,East,S2,Burger,158.14,0,0.0
2025-01-11,East,S2,Burger,160.62,0,0.0
2025-01-12,East,S2,Burger,105.8,0,0.0
2025-01-13,East,S2,Burger,118.7,0,0.0
2025-01-14,East,S2,Burger,129.2,0,0.0
2025-01-15,East,S2,Burger,126.47,0,0.0
2025-01-16,East,S2,Burger,144.43,0,0.0
2025-01-17,East,S2,Burger,148.4,0,0.0
2025-01-18,East,S2,Burger,167.09,0,0.0
2025-01-19,East,S2,Burger,108.73,0,0.0
2025-01-20,East,S2,Burger,119.42,0,0.0
2025-01-21,East,S2,Burger,131.31,0,0.0
2025-01-22,East,S2,Burger,142.06,0,0.0
2025-01-23,East,S2,Burger,136.39,0,0.0
2025-01-24,East,S2,Burger,144.42,0,0.0
2025-01-25,East,S2,Burger,163.79,0,0.0
2025-01-26,East,S2,Burger,114.5,0,0.0
2025-01-27,East,S2,Burger,117.8,0,0.0
2025-01-28,East,S2,Burger,127.91,0,0.0
2025-01-29,East,S2,Burger,134.16,0,0.0
2025-01-30,East,S2,Burger,141.61,0,0.0
2025-01-31,East,S2,Burger,146.54,0,0.0
2025-02-01,East,S2,Burger,162.86,0,0.0
2025-02-02,East,S2,Burger,113.55,0,0.0
2025-02-03,East,S2,Burger,114.53,0,0.0
2025-02-04,East,S2,Burger,129.0,0,0.0
2025-02-05,East,S2,Burger,144.63,0,0.0
2025-02-06,East,S2,Burger,147.62,0,0.0
2025-02-07,East,S2,Burger,153.58,0,0.0
2025-02-08,East,S2,Burger,156.97,0,0.0
2025-02-09,East,S2,Burger,117.86,0,0.0
2025-02-10,East,S2,Burger,110.64,0,0.0
2025-02-11,East,S2,Burger,135.2,0,0.0
2025-02-12,East,S2,Burger,137.59,0,0.0
2025-02-13,East,S2,Burger,142.89,0,0.0
2025-02-14,East,S2,Burger,170.11,1,0.1
2025-02-15,East,S2,Burger,169.94,0,0.0
2025-02-16,East,S2,Burger,115.89,0,0.0
2025-02-17,East,S2,Burger,129.16,0,0.0
2025-02-18,East,S2,Burger,135.7,0,0.0
2025-02-19,East,S2,Burger,140.2,0,0.0
2025-02-20,East,S2,Burger,144.7,0,0.0
2025-02-21,East,S2,Burger,160.99,1,0.05
2025-02-22,East,S2,Burger,163.67,0,0.0
2025-02-23,East,S2,Burger,118.92,0,0.0
2025-02-24,East,S2,Burger,113.35,0,0.0
2025-02-25,East,S2,Burger,135.75,0,0.0
2025-02-26,East,S2,Burger,148.77,0,0.0
2025-02-27,East,S2,Burger,153.37,0,0.0
2025-02-28,East,S2,Burger,154.04,0,0.0
2025-03-01,East,S2,Burger,196.66,1,0.1
2025-03-02,East,S2,Burger,114.26,0,0.0
2025-03-03,East,S2,Burger,121.17,0,0.0
2025-03-04,East,S2,Burger,136.99,0,0.0
2025-03-05,East,S2,Burger,137.84,0,0.0
2025-03-06,East,S2,Burger,139.63,0,0.0
2025-03-07,East,S2,Burger,164.59,0,0.0
2025-03-08,East,S2,Burger,165.85,0,0.0
2025-03-09,East,S2,Burger,112.1,0,0.0
2025-03-10,East,S2,Burger,123.85,0,0.0
2025-03-11,East,S2,Burger,132.63,0,0.0
2025-03-12,East,S2,Burger,147.24,0,0.0
2025-03-13,East,S2,Burger,148.97,0,0.0
2025-03-14,East,S2,Burger,158.3,0,0.0
2025-03-15,East,S2,Burger,176.18,0,0.0
2025-03-16,East,S2,Burger,114.99,0,0.0
2025-03-17,East,S2,Burger,122.4,0,0.0
2025-03-18,East,S2,Burger,135.31,0,0.0
2025-03-19,East,S2,Burger,146.47,0,0.0
2025-03-20,East,S2,Burger,151.3,0,0.0
2025-03-21,East,S2,Burger,181.26,1,0.05
2025-03-22,East,S2,Burger,176.8,0,0.0
2025-03-23,East,S2,Burger,122.08,0,0.0
2025-03-24,East,S2,Burger,129.23,0,0.0
2025-03-25,East,S2,Burger,141.25,0,0.0
2025-03-26,East,S2,Burger,146.83,0,0.0
2025-03-27,East,S2,Burger,150.98,0,0.0
2025-03-28,East,S2,Burger,149.87,0,0.0
2025-03-29,East,S2,Burger,171.88,0,0.0
2025-03-30,East,S2,Burger,126.43,0,0.0
2025-03-31,East,S2,Burger,121.73,0,0.0
2025-04-01,East,S2,Burger,135.24,0,0.0
2025-04-02,East,S2,Burger,150.49,0,0.0
2025-04-03,East,S2,Burger,152.86,0,0.0
2025-04-04,East,S2,Burger,157.12,0,0.0
2025-04-05,East,S2,Burger,168.91,0,0.0
2025-04-06,East,S2,Burger,122.54,0,0.0
2025-04-07,East,S2,Burger,127.64,0,0.0
2025-04-08,East,S2,Burger,141.06,0,0.0
2025-04-09,East,S2,Burger,150.14,0,0.0
2025-04-10,East,S2,Burger,159.09,0,0.0
2025-04-11,East,S2,Burger,166.08,0,0.0
2025-04-12,East,S2,Burger,175.4,0,0.0
2025-04-13,East,S2,Burger,122.01,0,0.0
2025-04-14,East,S2,Burger,129.3,0,0.0
2025-04-15,East,S2,Burger,138.04,0,0.0
2025-04-16,East,S2,Burger,143.23,0,0.0
2025-04-17,East,S2,Burger,153.94,0,0.0
2025-04-18,East,S2,Burger,155.31,0,0.0
2025-04-19,East,S2,Burger,175.87,0,0.0
2025-04-20,East,S2,Burger,125.19,0,0.0
2025-04-21,East,S2,Burger,131.94,0,0.0
2025-04-22,East,S2,Burger,146.1,0,0.0
2025-04-23,East,S2,Burger,153.0,0,0.0
2025-04-24,East,S2,Burger,154.37,0,0.0
2025-04-25,East,S2,Burger,160.61,0,0.0
2025-04-26,East,S2,Burger,174.61,0,0.0
2025-04-27,East,S2,Burger,127.18,0,0.0
2025-04-28,East,S2,Burger,135.26,0,0.0
2025-04-29,East,S2,Burger,148.34,0,0.0
2025-04-30,East,S2,Burger,140.73,0,0.0
2025-05-01,East,S2,Burger,155.0,0,0.0
2025-05-02,East,S2,Burger,161.07,0,0.0
2025-05-03,East,S2,Burger,206.09,1,0.1
2025-05-04,East,S2,Burger,133.03,0,0.0
2025-05-05,East,S2,Burger,125.7,0,0.0
2025-05-06,East,S2,Burger,145.01,0,0.0
2025-05-07,East,S2,Burger,145.95,0,0.0
2025-05-08,East,S2,Burger,152.66,0,0.0
2025-05-09,East,S2,Burger,165.18,0,0.0
2025-05-10,East,S2,Burger,213.42,1,0.1
2025-05-11,East,S2,Burger,125.29,0,0.0
2025-05-12,East,S2,Burger,136.51,0,0.0
2025-05-13,East,S2,Burger,139.86,0,0.0
2025-05-14,East,S2,Burger,146.4,0,0.0
2025-05-15,East,S2,Burger,159.91,0,0.0
2025-05-16,East,S2,Burger,159.93,0,0.0
2025-05-17,East,S2,Burger,184.97,0,0.0
2025-05-18,East,S2,Burger,122.83,0,0.0
2025-05-19,East,S2,Burger,136.22,0,0.0
2025-05-20,East,S2,Burger,134.22,0,0.0
2025-05-21,East,S2,Burger,157.85,0,0.0
2025-05-22,East,S2,Burger,163.07,0,0.0
2025-05-23,East,S2,Burger,160.6,0,0.0
2025-05-24,East,S2,Burger,173.26,0,0.0
2025-05-25,East,S2,Burger,124.98,0,0.0
2025-05-26,East,S2,Burger,128.14,0,0.0
2025-05-27,East,S2,Burger,145.5,0,0.0
2025-05-28,East,S2,Burger,156.47,0,0.0
2025-05-29,East,S2,Burger,157.7,0,0.0
2025-05-30,East,S2,Burger,167.75,0,0.0
2025-05-31,East,S2,Burger,185.38,0,0.0
2025-06-01,East,S2,Burger,132.4,0,0.0
2025-06-02,East,S2,Burger,132.16,0,0.0
2025-06-03,East,S2,Burger,144.45,0,0.0
2025-06-04,East,S2,Burger,164.84,0,0.0
2025-06-05,East,S2,Burger,163.63,0,0.0
2025-06-06,East,S2,Burger,169.99,0,0.0
2025-06-07,East,S2,Burger,177.13,0,0.0
2025-06-08,East,S2,Burger,121.99,0,0.0
2025-06-09,East,S2,Burger,125.04,0,0.0
2025-06-10,East,S2,Burger,143.85,0,0.0
2025-06-11,East,S2,Burger,154.19,0,0.0
2025-06-12,East,S2,Burger,153.87,0,0.0
2025-06-13,East,S2,Burger,164.34,0,0.0
2025-06-14,East,S2,Burger,173.02,0,0.0
2025-06-15,East,S2,Burger,123.57,0,0.0
2025-06-16,East,S2,Burger,125.41,0,0.0
2025-06-17,East,S2,Burger,150.3,0,0.0
2025-06-18,East,S2,Burger,149.78,0,0.0
2025-06-19,East,S2,Burger,166.05,0,0.0
2025-06-20,East,S2,Burger,198.73,1,0.1
2025-06-21,East,S2,Burger,178.66,0,0.0
2025-06-22,East,S2,Burger,118.74,0,0.0
2025-06-23,East,S2,Burger,128.52,0,0.0
2025-06-24,East,S2,Burger,152.07,0,0.0
2025-06-25,East,S2,Burger,157.77,0,0.0
2025-06-26,East,S2,Burger,160.82,0,0.0
2025-06-27,East,S2,Burger,168.98,0,0.0
2025-06-28,East,S2,Burger,191.5,0,0.0
2025-06-29,East,S2,Burger,114.16,0,0.0
2025-06-30,East,S2,Burger,132.52,0,0.0
2025-07-01,East,S2,Burger,155.02,0,0.0
2025-07-02,East,S2,Burger,157.13,0,0.0
2025-07-03,East,S2,Burger,172.09,0,0.0
2025-07-04,East,S2,Burger,171.67,0,0.0
2025-07-05,East,S2,Burger,182.48,0,0.0
2025-07-06,East,S2,Burger,125.39,0,0.0
2025-07-07,East,S2,Burger,134.22,0,0.0
2025-07-08,East,S2,Burger,145.49,0,0.0
2025-07-09,East,S2,Burger,165.08,0,0.0
2025-07-10,East,S2,Burger,159.49,0,0.0
2025-07-11,East,S2,Burger,165.2,0,0.0
2025-07-12,East,S2,Burger,181.4,0,0.0
2025-07-13,East,S2,Burger,122.77,0,0.0
2025-07-14,East,S2,Burger,140.24,0,0.0
2025-07-15,East,S2,Burger,149.67,0,0.0
2025-07-16,East,S2,Burger,166.12,0,0.0
2025-07-17,East,S2,Burger,155.46,0,0.0
2025-07-18,East,S2,Burger,173.77,0,0.0
2025-07-19,East,S2,Burger,189.1,0,0.0
2025-07-20,East,S2,Burger,122.09,0,0.0
2025-07-21,East,S2,Burger,137.99,0,0.0
2025-07-22,East,S2,Burger,152.39,0,0.0
2025-07-23,East,S2,Burger,155.0,0,0.0
2025-07-24,East,S2,Burger,164.46,0,0.0
2025-07-25,East,S2,Burger,174.87,0,0.0
2025-07-26,East,S2,Burger,217.1,1,0.05
2025-07-27,East,S2,Burger,117.35,0,0.0
2025-07-28,East,S2,Burger,135.67,0,0.0
2025-07-29,East,S2,Burger,135.8,0,0.0
2025-07-30,East,S2,Burger,163.45,0,0.0
2025-07-31,East,S2,Burger,167.82,0,0.0
2025-08-01,East,S2,Burger,175.55,0,0.0
2025-08-02,East,S2,Burger,189.98,0,0.0
2025-08-03,East,S2,Burger,134.92,0,0.0
2025-08-04,East,S2,Burger,140.26,0,0.0
2025-08-05,East,S2,Burger,154.67,0,0.0
2025-08-06,East,S2,Burger,162.96,0,0.0
2025-08-07,East,S2,Burger,168.98,0,0.0
2025-08-08,East,S2,Burger,170.74,0,0.0
2025-08-09,East,S2,Burger,191.09,0,0.0
2025-08-10,East,S2,Burger,130.34,0,0.0
2025-08-11,East,S2,Burger,142.71,0,0.0
2025-08-12,East,S2,Burger,147.28,0,0.0
2025-08-13,East,S2,Burger,160.78,0,0.0
2025-08-14,East,S2,Burger,167.1,0,0.0
2025-08-15,East,S2,Burger,172.61,0,0.0
2025-08-16,East,S2,Burger,194.3,0,0.0
2025-08-17,East,S2,Burger,132.35,0,0.0
2025-08-18,East,S2,Burger,140.69,0,0.0
2025-08-19,East,S2,Burger,156.1,0,0.0
2025-08-20,East,S2,Burger,173.51,0,0.0
2025-01-01,West,S1,Pizza,74.32,0,0.0
2025-01-02,West,S1,Pizza,91.02,0,0.0
2025-01-03,West,S1,Pizza,85.16,0,0.0
2025-01-04,West,S1,Pizza,105.62,0,0.0
2025-01-05,West,S1,Pizza,51.9,0,0.0
2025-01-06,West,S1,Pizza,77.91,0,0.0
2025-01-07,West,S1,Pizza,76.03,0,0.0
2025-01-08,West,S1,Pizza,85.59,0,0.0
2025-01-09,West,S1,Pizza,81.94,0,0.0
2025-01-10,West,S1,Pizza,90.68,0,0.0
2025-01-11,West,S1,Pizza,89.77,0,0.0
2025-01-12,West,S1,Pizza,59.11,0,0.0
2025-01-13,West,S1,Pizza,68.19,0,0.0
2025-01-14,West,S1,Pizza,78.75,0,0.0
2025-01-15,West,S1,Pizza,82.59,0,0.0
2025-01-16,West,S1,Pizza,86.53,0,0.0
2025-01-17,West,S1,Pizza,88.96,0,0.0
2025-01-18,West,S1,Pizza,93.96,0,0.0
2025-01-19,West,S1,Pizza,69.35,0,0.0
2025-01-20,West,S1,Pizza,67.93,0,0.0
2025-01-21,West,S1,Pizza,78.93,0,0.0
2025-01-22,West,S1,Pizza,83.55,0,0.0
2025-01-23,West,S1,Pizza,89.06,0,0.0
2025-01-24,West,S1,Pizza,96.54,0,0.0
2025-01-25,West,S1,Pizza,106.28,0,0.0
2025-01-26,West,S1,Pizza,71.27,0,0.0
2025-01-27,West,S1,Pizza,61.01,0,0.0
2025-01-28,West,S1,Pizza,85.97,0,0.0
2025-01-29,West,S1,Pizza,83.0,0,0.0
2025-01-30,West,S1,Pizza,85.95,0,0.0
2025-01-31,West,S1,Pizza,96.24,0,0.0
2025-02-01,West,S1,Pizza,96.26,0,0.0
2025-02-02,West,S1,Pizza,64.04,0,0.0
2025-02-03,West,S1,Pizza,77.13,0,0.0
2025-02-04,West,S1,Pizza,81.9,0,0.0
2025-02-05,West,S1,Pizza,79.09,0,0.0
2025-02-06,West,S1,Pizza,87.32,0,0.0
2025-02-07,West,S1,Pizza,102.4,0,0.0
2025-02-08,West,S1,Pizza,99.19,0,0.0
2025-02-09,West,S1,Pizza,73.87,0,0.0
2025-02-10,West,S1,Pizza,74.84,0,0.0
2025-02-11,West,S1,Pizza,85.56,0,0.0
2025-02-12,West,S1,Pizza,81.91,0,0.0
2025-02-13,West,S1,Pizza,85.28,0,0.0
2025-02-14,West,S1,Pizza,93.86,0,0.0
2025-02-15,West,S1,Pizza,99.21,0,0.0
2025-02-16,West,S1,Pizza,83.44,0,0.0
2025-02-17,West,S1,Pizza,66.74,0,0.0
2025-02-18,West,S1,Pizza,80.63,0,0.0
2025-02-19,West,S1,Pizza,81.06,0,0.0
2025-02-20,West,S1,Pizza,88.97,0,0.0
2025-02-21,West,S1,Pizza,88.48,0,0.0
2025-02-22,West,S1,Pizza,95.56,0,0.0
2025-02-23,West,S1,Pizza,70.9,0,0.0
2025-02-24,West,S1,Pizza,64.9,0,0.0
2025-02-25,West,S1,Pizza,85.64,0,0.0
2025-02-26,West,S1,Pizza,76.38,0,0.0
2025-02-27,West,S1,Pizza,87.26,0,0.0
2025-02-28,West,S1,Pizza,95.69,0,0.0
2025-03-01,West,S1,Pizza,100.39,0,0.0
2025-03-02,West,S1,Pizza,73.68,0,0.0
2025-03-03,West,S1,Pizza,66.54,0,0.0
2025-03-04,West,S1,Pizza,77.46,0,0.0
2025-03-05,West,S1,Pizza,83.84,0,0.0
2025-03-06,West,S1,Pizza,92.71,0,0.0
2025-03-07,West,S1,Pizza,90.67,0,0.0
2025-03-08,West,S1,Pizza,102.04,0,0.0
2025-03-09,West,S1,Pizza,70.92,0,0.0
2025-03-10,West,S1,Pizza,75.57,0,0.0
2025-03-11,West,S1,Pizza,81.46,0,0.0
2025-03-12,West,S1,Pizza,83.09,0,0.0
2025-03-13,West,S1,Pizza,92.52,0,0.0
2025-03-14,West,S1,Pizza,103.58,0,0.0
2025-03-15,West,S1,Pizza,104.32,0,0.0
2025-03-16,West,S1,Pizza,71.4,0,0.0
2025-03-17,West,S1,Pizza,76.4,0,0.0
2025-03-18,West,S1,Pizza,82.4,0,0.0
2025-03-19,West,S1,Pizza,90.96,0,0.0
2025-03-20,West,S1,Pizza,89.49,0,0.0
2025-03-21,West,S1,Pizza,90.1,0,0.0
2025-03-22,West,S1,Pizza,105.06,0,0.0
2025-03-23,West,S1,Pizza,68.58,0,0.0
2025-03-24,West,S1,Pizza,67.27,0,0.0
2025-03-25,West,S1,Pizza,77.93,0,0.0
2025-03-26,West,S1,Pizza,90.12,0,0.0
2025-03-27,West,S1,Pizza,86.43,0,0.0
2025-03-28,West,S1,Pizza,98.33,0,0.0
2025-03-29,West,S1,Pizza,100.19,0,0.0
2025-03-30,West,S1,Pizza,61.83,0,0.0
2025-03-31,West,S1,Pizza,75.63,0,0.0
2025-04-01,West,S1,Pizza,89.89,0,0.0
2025-04-02,West,S1,Pizza,84.65,0,0.0
2025-04-03,West,S1,Pizza,101.5,0,0.0
2025-04-04,West,S1,Pizza,90.35,0,0.0
2025-04-05,West,S1,Pizza,98.47,0,0.0
2025-04-06,West,S1,Pizza,70.99,0,0.0
2025-04-07,West,S1,Pizza,71.97,0,0.0
2025-04-08,West,S1,Pizza,89.12,0,0.0
2025-04-09,West,S1,Pizza,93.19,0,0.0
2025-04-10,West,S1,Pizza,93.93,0,0.0
2025-04-11,West,S1,Pizza,102.54,0,0.0
2025-04-12,West,S1,Pizza,108.34,0,0.0
2025-04-13,West,S1,Pizza,66.1,0,0.0
2025-04-14,West,S1,Pizza,90.3,0,0.0
2025-04-15,West,S1,Pizza,91.82,0,0.0
2025-04-16,West,S1,Pizza,92.36,0,0.0
2025-04-17,West,S1,Pizza,91.43,0,0.0
2025-04-18,West,S1,Pizza,97.84,0,0.0
2025-04-19,West,S1,Pizza,105.71,0,0.0
2025-04-20,West,S1,Pizza,71.47,0,0.0
2025-04-21,West,S1,Pizza,78.93,0,0.0
2025-04-22,West,S1,Pizza,82.39,0,0.0
2025-04-23,West,S1,Pizza,86.05,0,0.0
2025-04-24,West,S1,Pizza,97.62,0,0.0
2025-04-25,West,S1,Pizza,107.01,0,0.0
2025-04-26,West,S1,Pizza,110.04,0,0.0
2025-04-27,West,S1,Pizza,60.86,0,0.0
2025-04-28,West,S1,Pizza,74.38,0,0.0
2025-04-29,West,S1,Pizza,85.02,0,0.0
2025-04-30,West,S1,Pizza,84.32,0,0.0
2025-05-01,West,S1,Pizza,93.96,0,0.0
2025-05-02,West,S1,Pizza,101.65,0,0.0
2025-05-03,West,S1,Pizza,109.93,0,0.0
2025-05-04,West,S1,Pizza,76.97,0,0.0
2025-05-05,West,S1,Pizza,80.03,0,0.0
2025-05-06,West,S1,Pizza,86.78,0,0.0
2025-05-07,West,S1,Pizza,90.64,0,0.0
2025-05-08,West,S1,Pizza,96.75,0,0.0
2025-05-09,West,S1,Pizza,102.45,0,0.0
2025-05-10,West,S1,Pizza,99.31,0,0.0
2025-05-11,West,S1,Pizza,72.77,0,0.0
2025-05-12,West,S1,Pizza,71.04,0,0.0
2025-05-13,West,S1,Pizza,81.38,0,0.0
2025-05-14,West,S1,Pizza,88.12,0,0.0
2025-05-15,West,S1,Pizza,90.77,0,0.0
2025-05-16,West,S1,Pizza,104.76,0,0.0
2025-05-17,West,S1,Pizza,101.96,0,0.0
2025-05-18,West,S1,Pizza,65.07,0,0.0
2025-05-19,West,S1,Pizza,81.74,0,0.0
2025-05-20,West,S1,Pizza,88.87,0,0.0
2025-05-21,West,S1,Pizza,91.8,0,0.0
2025-05-22,West,S1,Pizza,100.46,0,0.0
2025-05-23,West,S1,Pizza,97.3,0,0.0
2025-05-24,West,S1,Pizza,112.48,0,0.0
2025-05-25,West,S1,Pizza,75.44,0,0.0
2025-05-26,West,S1,Pizza,81.3,0,0.0
2025-05-27,West,S1,Pizza,88.88,0,0.0
2025-05-28,West,S1,Pizza,90.02,0,0.0
2025-05-29,West,S1,Pizza,98.43,0,0.0
2025-05-30,West,S1,Pizza,111.44,0,0.0
2025-05-31,West,S1,Pizza,105.81,0,0.0
2025-06-01,West,S1,Pizza,69.53,0,0.0
2025-06-02,West,S1,Pizza,74.49,0,0.0
2025-06-03,West,S1,Pizza,92.96,0,0.0
2025-06-04,West,S1,Pizza,95.34,0,0.0
2025-06-05,West,S1,Pizza,104.12,0,0.0
2025-06-06,West,S1,Pizza,102.28,0,0.0
2025-06-07,West,S1,Pizza,107.6,0,0.0
2025-06-08,West,S1,Pizza,65.18,0,0.0
2025-06-09,West,S1,Pizza,77.11,0,0.0
2025-06-10,West,S1,Pizza,88.21,0,0.0
2025-06-11,West,S1,Pizza,97.0,0,0.0
2025-06-12,West,S1,Pizza,100.94,0,0.0
2025-06-13,West,S1,Pizza,105.57,0,0.0
2025-06-14,West,S1,Pizza,100.3,0,0.0
2025-06-15,West,S1,Pizza,72.82,0,0.0
2025-06-16,West,S1,Pizza,75.93,0,0.0
2025-06-17,West,S1,Pizza,82.91,0,0.0
2025-06-18,West,S1,Pizza,94.06,0,0.0
2025-06-19,West,S1,Pizza,92.57,0,0.0
2025-06-20,West,S1,Pizza,97.98,0,0.0
2025-06-21,West,S1,Pizza,117.39,0,0.0
2025-06-22,West,S1,Pizza,77.4,0,0.0
2025-06-23,West,S1,Pizza,81.39,0,0.0
2025-06-24,West,S1,Pizza,92.86,0,0.0
2025-06-25,West,S1,Pizza,94.32,0,0.0
2025-06-26,West,S1,Pizza,93.12,0,0.0
2025-06-27,West,S1,Pizza,103.4,0,0.0
2025-06-28,West,S1,Pizza,113.43,0,0.0
2025-06-29,West,S1,Pizza,71.13,0,0.0
2025-06-30,West,S1,Pizza,75.3,0,0.0
2025-07-01,West,S1,Pizza,95.68,0,0.0
2025-07-02,West,S1,Pizza,94.05,0,0.0
2025-07-03,West,S1,Pizza,97.97,0,0.0
2025-07-04,West,S1,Pizza,106.57,0,0.0
2025-07-05,West,S1,Pizza,124.77,0,0.0
2025-07-06,West,S1,Pizza,78.85,0,0.0
2025-07-07,West,S1,Pizza,79.28,0,0.0
2025-07-08,West,S1,Pizza,94.25,0,0.0
2025-07-09,West,S1,Pizza,93.36,0,0.0
2025-07-10,West,S1,Pizza,96.89,0,0.0
2025-07-11,West,S1,Pizza,106.59,0,0.0
2025-07-12,West,S1,Pizza,118.05,0,0.0
2025-07-13,West,S1,Pizza,67.86,0,0.0
2025-07-14,West,S1,Pizza,85.19,0,0.0
2025-07-15,West,S1,Pizza,94.78,0,0.0
2025-07-16,West,S1,Pizza,90.99,0,0.0
2025-07-17,West,S1,Pizza,102.73,0,0.0
2025-07-18,West,S1,Pizza,93.81,0,0.0
2025-07-19,West,S1,Pizza,116.06,0,0.0
2025-07-20,West,S1,Pizza,77.37,0,0.0
2025-07-21,West,S1,Pizza,79.53,0,0.0
2025-07-22,West,S1,Pizza,77.02,0,0.0
2025-07-23,West,S1,Pizza,105.28,0,0.0
2025-07-24,West,S1,Pizza,101.64,0,0.0
2025-07-25,West,S1,Pizza,104.47,0,0.0
2025-07-26,West,S1,Pizza,106.99,0,0.0
2025-07-27,West,S1,Pizza,79.87,0,0.0
2025-07-28,West,S1,Pizza,76.69,0,0.0
2025-07-29,West,S1,Pizza,98.35,0,0.0
2025-07-30,West,S1,Pizza,99.76,0,0.0
2025-07-31,West,S1,Pizza,100.59,0,0.0
2025-08-01,West,S1,Pizza,108.46,0,0.0
2025-08-02,West,S1,Pizza,126.13,0,0.0
2025-08-03,West,S1,Pizza,77.75,0,0.0
2025-08-04,West,S1,Pizza,83.11,0,0.0
2025-08-05,West,S1,Pizza,94.31,0,0.0
2025-08-06,West,S1,Pizza,97.51,0,0.0
2025-08-07,West,S1,Pizza,102.94,0,0.0
2025-08-08,West,S1,Pizza,93.77,0,0.0
2025-08-09,West,S1,Pizza,114.45,0,0.0
2025-08-10,West,S1,Pizza,79.89,0,0.0
2025-08-11,West,S1,Pizza,84.41,0,0.0
2025-08-12,West,S1,Pizza,82.76,0,0.0
2025-08-13,West,S1,Pizza,92.5,0,0.0
2025-08-14,West,S1,Pizza,110.23,0,0.0
2025-08-15,West,S1,Pizza,103.59,0,0.0
2025-08-16,West,S1,Pizza,127.96,1,0.1
2025-08-17,West,S1,Pizza,81.9,0,0.0
2025-08-18,West,S1,Pizza,79.01,0,0.0
2025-08-19,West,S1,Pizza,98.52,0,0.0
2025-08-20,West,S1,Pizza,100.38,0,0.0
2025-01-01,West,S1,Burger,111.99,0,0.0
2025-01-02,West,S1,Burger,123.33,0,0.0
2025-01-03,West,S1,Burger,135.69,0,0.0
2025-01-04,West,S1,Burger,144.59,0,0.0
2025-01-05,West,S1,Burger,91.36,0,0.0
2025-01-06,West,S1,Burger,99.52,0,0.0
2025-01-07,West,S1,Burger,115.92,0,0.0
2025-01-08,West,S1,Burger,131.27,0,0.0
2025-01-09,West,S1,Burger,134.2,0,0.0
2025-01-10,West,S1,Burger,136.12,0,0.0
2025-01-11,West,S1,Burger,145.36,0,0.0
2025-01-12,West,S1,Burger,90.54,0,0.0
2025-01-13,West,S1,Burger,107.67,0,0.0
2025-01-14,West,S1,Burger,121.32,0,0.0
2025-01-15,West,S1,Burger,116.83,0,0.0
2025-01-16,West,S1,Burger,129.88,0,0.0
2025-01-17,West,S1,Burger,143.47,0,0.0
2025-01-18,West,S1,Burger,148.06,0,0.0
2025-01-19,West,S1,Burger,102.86,0,0.0
2025-01-20,West,S1,Burger,106.61,0,0.0
2025-01-21,West,S1,Burger,115.44,0,0.0
2025-01-22,West,S1,Burger,122.01,0,0.0
2025-01-23,West,S1,Burger,130.6,0,0.0
2025-01-24,West,S1,Burger,133.44,0,0.0
2025-01-25,West,S1,Burger,152.11,0,0.0
2025-01-26,West,S1,Burger,108.24,0,0.0
2025-01-27,West,S1,Burger,114.76,0,0.0
2025-01-28,West,S1,Burger,125.94,0,0.0
2025-01-29,West,S1,Burger,126.75,0,0.0
2025-01-30,West,S1,Burger,129.99,0,0.0
2025-01-31,West,S1,Burger,148.53,0,0.0
2025-02-01,West,S1,Burger,145.7,0,0.0
2025-02-02,West,S1,Burger,98.36,0,0.0
2025-02-03,West,S1,Burger,103.18,0,0.0
2025-02-04,West,S1,Burger,120.65,0,0.0
2025-02-05,West,S1,Burger,127.75,0,0.0
2025-02-06,West,S1,Burger,136.9,0,0.0
2025-02-07,West,S1,Burger,136.74,0,0.0
2025-02-08,West,S1,Burger,150.19,0,0.0
2025-02-09,West,S1,Burger,104.61,0,0.0
2025-02-10,West,S1,Burger,113.05,0,0.0
2025-02-11,West,S1,Burger,120.46,0,0.0
2025-02-12,West,S1,Burger,125.76,0,0.0
2025-02-13,West,S1,Burger,135.37,0,0.0
2025-02-14,West,S1,Burger,145.87,0,0.0
2025-02-15,West,S1,Burger,150.56,0,0.0
2025-02-16,West,S1,Burger,101.87,0,0.0
2025-02-17,West,S1,Burger,99.83,0,0.0
2025-02-18,West,S1,Burger,124.88,0,0.0
2025-02-19,West,S1,Burger,123.35,0,0.0
2025-02-20,West,S1,Burger,135.9,0,0.0
2025-02-21,West,S1,Burger,140.51,0,0.0
2025-02-22,West,S1,Burger,145.19,0,0.0
2025-02-23,West,S1,Burger,102.33,0,0.0
2025-02-24,West,S1,Burger,110.95,0,0.0
2025-02-25,West,S1,Burger,125.95,0,0.0
2025-02-26,West,S1,Burger,127.94,0,0.0
2025-02-27,West,S1,Burger,129.24,0,0.0
2025-02-28,West,S1,Burger,143.83,0,0.0
2025-03-01,West,S1,Burger,155.72,0,0.0
2025-03-02,West,S1,Burger,114.3,0,0.0
2025-03-03,West,S1,Burger,109.03,0,0.0
2025-03-04,West,S1,Burger,123.54,0,0.0
2025-03-05,West,S1,Burger,125.88,0,0.0
2025-03-06,West,S1,Burger,127.51,0,0.0
2025-03-07,West,S1,Burger,141.58,0,0.0
2025-03-08,West,S1,Burger,148.74,0,0.0
2025-03-09,West,S1,Burger,108.24,0,0.0
2025-03-10,West,S1,Burger,117.5,0,0.0
2025-03-11,West,S1,Burger,120.04,0,0.0
2025-03-12,West,S1,Burger,132.37,0,0.0
2025-03-13,West,S1,Burger,131.43,0,0.0
2025-03-14,West,S1,Burger,142.42,0,0.0
2025-03-15,West,S1,Burger,151.4,0,0.0
2025-03-16,West,S1,Burger,107.81,0,0.0
2025-03-17,West,S1,Burger,101.03,0,0.0
2025-03-18,West,S1,Burger,123.06,0,0.0
2025-03-19,West,S1,Burger,128.08,0,0.0
2025-03-20,West,S1,Burger,131.17,0,0.0
2025-03-21,West,S1,Burger,141.63,0,0.0
2025-03-22,West,S1,Burger,153.34,0,0.0
2025-03-23,West,S1,Burger,104.87,0,0.0
2025-03-24,West,S1,Burger,118.03,0,0.0
2025-03-25,West,S1,Burger,118.36,0,0.0
2025-03-26,West,S1,Burger,130.68,0,0.0
2025-03-27,West,S1,Burger,144.49,0,0.0
2025-03-28,West,S1,Burger,144.34,0,0.0
2025-03-29,West,S1,Burger,175.29,1,0.1
2025-03-30,West,S1,Burger,106.64,0,0.0
2025-03-31,West,S1,Burger,111.31,0,0.0
2025-04-01,West,S1,Burger,134.05,0,0.0
2025-04-02,West,S1,Burger,125.17,0,0.0
2025-04-03,West,S1,Burger,132.19,0,0.0
2025-04-04,West,S1,Burger,152.16,1,0.05
2025-04-05,West,S1,Burger,152.7,0,0.0
2025-04-06,West,S1,Burger,102.86,0,0.0
2025-04-07,West,S1,Burger,110.59,0,0.0
2025-04-08,West,S1,Burger,121.35,0,0.0
2025-04-09,West,S1,Burger,130.67,0,0.0
2025-04-10,West,S1,Burger,142.21,0,0.0
2025-04-11,West,S1,Burger,150.8,0,0.0
2025-04-12,West,S1,Burger,159.2,0,0.0
2025-04-13,West,S1,Burger,110.61,0,0.0
2025-04-14,West,S1,Burger,119.76,0,0.0
2025-04-15,West,S1,Burger,125.24,0,0.0
2025-04-16,West,S1,Burger,132.68,0,0.0
2025-04-17,West,S1,Burger,136.01,0,0.0
2025-04-18,West,S1,Burger,147.28,0,0.0
2025-04-19,West,S1,Burger,154.75,0,0.0
2025-04-20,West,S1,Burger,108.43,0,0.0
2025-04-21,West,S1,Burger,103.1,0,0.0
2025-04-22,West,S1,Burger,129.16,0,0.0
2025-04-23,West,S1,Burger,133.63,0,0.0
2025-04-24,West,S1,Burger,142.42,0,0.0
2025-04-25,West,S1,Burger,140.26,0,0.0
2025-04-26,West,S1,Burger,170.69,0,0.0
2025-04-27,West,S1,Burger,109.45,0,0.0
2025-04-28,West,S1,Burger,113.68,0,0.0
2025-04-29,West,S1,Burger,135.94,0,0.0
2025-04-30,West,S1,Burger,138.11,0,0.0
2025-05-01,West,S1,Burger,145.55,0,0.0
2025-05-02,West,S1,Burger,153.74,0,0.0
2025-05-03,West,S1,Burger,167.7,0,0.0
2025-05-04,West,S1,Burger,108.03,0,0.0
2025-05-05,West,S1,Burger,120.67,0,0.0
2025-05-06,West,S1,Burger,125.49,0,0.0
2025-05-07,West,S1,Burger,137.2,0,0.0
2025-05-08,West,S1,Burger,146.0,0,0.0
2025-05-09,West,S1,Burger,148.56,0,0.0
2025-05-10,West,S1,Burger,164.31,0,0.0
2025-05-11,West,S1,Burger,104.39,0,0.0
2025-05-12,West,S1,Burger,118.56,0,0.0
2025-05-13,West,S1,Burger,148.5,0,0.0
2025-05-14,West,S1,Burger,137.69,0,0.0
2025-05-15,West,S1,Burger,142.25,0,0.0
2025-05-16,West,S1,Burger,170.19,1,0.1
2025-05-17,West,S1,Burger,167.66,0,0.0
2025-05-18,West,S1,Burger,114.33,0,0.0
2025-05-19,West,S1,Burger,119.56,0,0.0
2025-05-20,West,S1,Burger,129.43,0,0.0
2025-05-21,West,S1,Burger,123.03,0,0.0
2025-05-22,West,S1,Burger,140.97,0,0.0
2025-05-23,West,S1,Burger,141.81,0,0.0
2025-05-24,West,S1,Burger,160.1,0,0.0
2025-05-25,West,S1,Burger,114.59,0,0.0
2025-05-26,West,S1,Burger,119.49,0,0.0
2025-05-27,West,S1,Burger,130.32,0,0.0
2025-05-28,West,S1,Burger,146.43,0,0.0
2025-05-29,West,S1,Burger,144.66,0,0.0
2025-05-30,West,S1,Burger,149.23,0,0.0
2025-05-31,West,S1,Burger,167.64,0,0.0
2025-06-01,West,S1,Burger,113.96,0,0.0
2025-06-02,West,S1,Burger,115.29,0,0.0
2025-06-03,West,S1,Burger,131.19,0,0.0
2025-06-04,West,S1,Burger,137.79,0,0.0
2025-06-05,West,S1,Burger,149.36,0,0.0
2025-06-06,West,S1,Burger,158.74,0,0.0
2025-06-07,West,S1,Burger,164.74,0,0.0
2025-06-08,West,S1,Burger,103.72,0,0.0
2025-06-09,West,S1,Burger,127.54,0,0.0
2025-06-10,West,S1,Burger,131.71,0,0.0
2025-06-11,West,S1,Burger,134.49,0,0.0
2025-06-12,West,S1,Burger,144.53,0,0.0
2025-06-13,West,S1,Burger,149.42,0,0.0
2025-06-14,West,S1,Burger,168.62,0,0.0
2025-06-15,West,S1,Burger,114.22,0,0.0
2025-06-16,West,S1,Burger,116.27,0,0.0
2025-06-17,West,S1,Burger,131.2,0,0.0
2025-06-18,West,S1,Burger,140.24,0,0.0
2025-06-19,West,S1,Burger,148.29,0,0.0
2025-06-20,West,S1,Burger,157.9,0,0.0
2025-06-21,West,S1,Burger,169.29,0,0.0
2025-06-22,West,S1,Burger,108.95,0,0.0
2025-06-23,West,S1,Burger,117.19,0,0.0
2025-06-24,West,S1,Burger,138.32,0,0.0
2025-06-25,West,S1,Burger,136.77,0,0.0
2025-06-26,West,S1,Burger,155.56,0,0.0
2025-06-27,West,S1,Burger,155.11,0,0.0
2025-06-28,West,S1,Burger,170.12,0,0.0
2025-06-29,West,S1,Burger,107.53,0,0.0
2025-06-30,West,S1,Burger,118.1,0,0.0
2025-07-01,West,S1,Burger,141.8,0,0.0
2025-07-02,West,S1,Burger,146.53,0,0.0
2025-07-03,West,S1,Burger,144.48,0,0.0
2025-07-04,West,S1,Burger,158.5,0,0.0
2025-07-05,West,S1,Burger,181.47,1,0.05
2025-07-06,West,S1,Burger,110.93,0,0.0
2025-07-07,West,S1,Burger,123.11,0,0.0
2025-07-08,West,S1,Burger,125.48,0,0.0
2025-07-09,West,S1,Burger,131.63,0,0.0
2025-07-10,West,S1,Burger,145.0,0,0.0
2025-07-11,West,S1,Burger,159.48,0,0.0
2025-07-12,West,S1,Burger,165.5,0,0.0
2025-07-13,West,S1,Burger,122.3,0,0.0
2025-07-14,West,S1,Burger,121.0,0,0.0
2025-07-15,West,S1,Burger,127.48,0,0.0
2025-07-16,West,S1,Burger,147.46,0,0.0
2025-07-17,West,S1,Burger,150.18,0,0.0
2025-07-18,West,S1,Burger,156.72,0,0.0
2025-07-19,West,S1,Burger,172.96,0,0.0
2025-07-20,West,S1,Burger,118.09,0,0.0
2025-07-21,West,S1,Burger,120.34,0,0.0
2025-07-22,West,S1,Burger,130.41,0,0.0
2025-07-23,West,S1,Burger,145.76,0,0.0
2025-07-24,West,S1,Burger,158.26,0,0.0
2025-07-25,West,S1,Burger,163.07,0,0.0
2025-07-26,West,S1,Burger,177.53,0,0.0
2025-07-27,West,S1,Burger,114.19,0,0.0
2025-07-28,West,S1,Burger,120.9,0,0.0
2025-07-29,West,S1,Burger,138.52,0,0.0
2025-07-30,West,S1,Burger,154.83,0,0.0
2025-07-31,West,S1,Burger,155.69,0,0.0
2025-08-01,West,S1,Burger,166.35,0,0.0
2025-08-02,West,S1,Burger,192.58,1,0.1
2025-08-03,West,S1,Burger,116.86,0,0.0
2025-08-04,West,S1,Burger,122.56,0,0.0
2025-08-05,West,S1,Burger,137.5,0,0.0
2025-08-06,West,S1,Burger,148.21,0,0.0
2025-08-07,West,S1,Burger,155.16,0,0.0
2025-08-08,West,S1,Burger,165.2,0,0.0
2025-08-09,West,S1,Burger,168.13,0,0.0
2025-08-10,West,S1,Burger,121.13,0,0.0
2025-08-11,West,S1,Burger,128.7,0,0.0
2025-08-12,West,S1,Burger,138.63,0,0.0
2025-08-13,West,S1,Burger,148.39,0,0.0
2025-08-14,West,S1,Burger,150.16,0,0.0
2025-08-15,West,S1,Burger,159.72,0,0.0
2025-08-16,West,S1,Burger,169.94,0,0.0
2025-08-17,West,S1,Burger,122.16,0,0.0
2025-08-18,West,S1,Burger,124.13,0,0.0
2025-08-19,West,S1,Burger,133.59,0,0.0
2025-08-20,West,S1,Burger,146.18,0,0.0
2025-01-01,West,S2,Pizza,112.31,0,0.0
2025-01-02,West,S2,Pizza,109.86,0,0.0
2025-01-03,West,S2,Pizza,115.7,0,0.0
2025-01-04,West,S2,Pizza,118.95,0,0.0
2025-01-05,West,S2,Pizza,89.79,0,0.0
2025-01-06,West,S2,Pizza,91.78,0,0.0
2025-01-07,West,S2,Pizza,93.37,0,0.0
2025-01-08,West,S2,Pizza,101.38,0,0.0
2025-01-09,West,S2,Pizza,110.51,0,0.0
2025-01-10,West,S2,Pizza,110.04,0,0.0
2025-01-11,West,S2,Pizza,122.38,0,0.0
2025-01-12,West,S2,Pizza,85.21,0,0.0
2025-01-13,West,S2,Pizza,90.76,0,0.0
2025-01-14,West,S2,Pizza,100.5,0,0.0
2025-01-15,West,S2,Pizza,103.37,0,0.0
2025-01-16,West,S2,Pizza,117.6,0,0.0
2025-01-17,West,S2,Pizza,115.76,0,0.0
2025-01-18,West,S2,Pizza,129.29,0,0.0
2025-01-19,West,S2,Pizza,83.31,0,0.0
2025-01-20,West,S2,Pizza,83.0,0,0.0
2025-01-21,West,S2,Pizza,94.38,0,0.0
2025-01-22,West,S2,Pizza,113.42,0,0.0
2025-01-23,West,S2,Pizza,107.07,0,0.0
2025-01-24,West,S2,Pizza,119.0,0,0.0
2025-01-25,West,S2,Pizza,130.14,0,0.0
2025-01-26,West,S2,Pizza,86.37,0,0.0
2025-01-27,West,S2,Pizza,85.56,0,0.0
2025-01-28,West,S2,Pizza,98.96,0,0.0
2025-01-29,West,S2,Pizza,111.13,0,0.0
2025-01-30,West,S2,Pizza,111.29,0,0.0
2025-01-31,West,S2,Pizza,134.71,1,0.1
2025-02-01,West,S2,Pizza,128.79,0,0.0
2025-02-02,West,S2,Pizza,84.36,0,0.0
2025-02-03,West,S2,Pizza,94.72,0,0.0
2025-02-04,West,S2,Pizza,110.89,0,0.0
2025-02-05,West,S2,Pizza,105.64,0,0.0
2025-02-06,West,S2,Pizza,114.45,0,0.0
2025-02-07,West,S2,Pizza,107.47,0,0.0
2025-02-08,West,S2,Pizza,138.3,0,0.0
2025-02-09,West,S2,Pizza,85.21,0,0.0
2025-02-10,West,S2,Pizza,89.84,0,0.0
2025-02-11,West,S2,Pizza,97.78,0,0.0
2025-02-12,West,S2,Pizza,107.49,0,0.0
2025-02-13,West,S2,Pizza,116.03,0,0.0
2025-02-14,West,S2,Pizza,113.49,0,0.0
2025-02-15,West,S2,Pizza,138.56,0,0.0
2025-02-16,West,S2,Pizza,89.47,0,0.0
2025-02-17,West,S2,Pizza,94.31,0,0.0
2025-02-18,West,S2,Pizza,102.95,0,0.0
2025-02-19,West,S2,Pizza,104.78,0,0.0
2025-02-20,West,S2,Pizza,110.61,0,0.0
2025-02-21,West,S2,Pizza,117.68,0,0.0
2025-02-22,West,S2,Pizza,138.98,0,0.0
2025-02-23,West,S2,Pizza,95.94,0,0.0
2025-02-24,West,S2,Pizza,89.92,0,0.0
2025-02-25,West,S2,Pizza,104.84,0,0.0
2025-02-26,West,S2,Pizza,103.57,0,0.0
2025-02-27,West,S2,Pizza,116.17,0,0.0
2025-02-28,West,S2,Pizza,122.61,0,0.0
2025-03-01,West,S2,Pizza,129.14,0,0.0
2025-03-02,West,S2,Pizza,85.06,0,0.0
2025-03-03,West,S2,Pizza,95.6,0,0.0
2025-03-04,West,S2,Pizza,110.42,0,0.0
2025-03-05,West,S2,Pizza,98.69,0,0.0
2025-03-06,West,S2,Pizza,121.05,0,0.0
2025-03-07,West,S2,Pizza,118.01,0,0.0
2025-03-08,West,S2,Pizza,132.61,0,0.0
2025-03-09,West,S2,Pizza,85.6,0,0.0
2025-03-10,West,S2,Pizza,97.39,0,0.0
2025-03-11,West,S2,Pizza,108.06,0,0.0
2025-03-12,West,S2,Pizza,111.75,0,0.0
2025-03-13,West,S2,Pizza,122.61,0,0.0
2025-03-14,West,S2,Pizza,144.28,1,0.1
2025-03-15,West,S2,Pizza,126.22,0,0.0
2025-03-16,West,S2,Pizza,84.2,0,0.0
2025-03-17,West,S2,Pizza,90.93,0,0.0
2025-03-18,West,S2,Pizza,105.81,0,0.0
2025-03-19,West,S2,Pizza,109.23,0,0.0
2025-03-20,West,S2,Pizza,110.42,0,0.0
2025-03-21,West,S2,Pizza,122.09,0,0.0
2025-03-22,West,S2,Pizza,134.07,0,0.0
2025-03-23,West,S2,Pizza,90.53,0,0.0
2025-03-24,West,S2,Pizza,92.08,0,0.0
2025-03-25,West,S2,Pizza,110.35,0,0.0
2025-03-26,West,S2,Pizza,115.96,0,0.0
2025-03-27,West,S2,Pizza,115.28,0,0.0
2025-03-28,West,S2,Pizza,128.58,0,0.0
2025-03-29,West,S2,Pizza,130.46,0,0.0
2025-03-30,West,S2,Pizza,86.88,0,0.0
2025-03-31,West,S2,Pizza,100.84,0,0.0
2025-04-01,West,S2,Pizza,115.45,0,0.0
2025-04-02,West,S2,Pizza,110.76,0,0.0
2025-04-03,West,S2,Pizza,120.62,0,0.0
2025-04-04,West,S2,Pizza,120.05,0,0.0
2025-04-05,West,S2,Pizza,127.95,0,0.0
2025-04-06,West,S2,Pizza,83.27,0,0.0
2025-04-07,West,S2,Pizza,102.34,0,0.0
2025-04-08,West,S2,Pizza,104.94,0,0.0
2025-04-09,West,S2,Pizza,116.1,0,0.0
2025-04-10,West,S2,Pizza,125.38,0,0.0
2025-04-11,West,S2,Pizza,127.83,0,0.0
2025-04-12,West,S2,Pizza,139.91,0,0.0
2025-04-13,West,S2,Pizza,91.09,0,0.0
2025-04-14,West,S2,Pizza,99.42,0,0.0
2025-04-15,West,S2,Pizza,107.37,0,0.0
2025-04-16,West,S2,Pizza,115.5,0,0.0
2025-04-17,West,S2,Pizza,126.16,0,0.0
2025-04-18,West,S2,Pizza,126.84,0,0.0
2025-04-19,West,S2,Pizza,133.3,0,0.0
2025-04-20,West,S2,Pizza,89.43,0,0.0
2025-04-21,West,S2,Pizza,99.63,0,0.0
2025-04-22,West,S2,Pizza,114.71,0,0.0
2025-04-23,West,S2,Pizza,112.34,0,0.0
2025-04-24,West,S2,Pizza,130.51,0,0.0
2025-04-25,West,S2,Pizza,131.7,0,0.0
2025-04-26,West,S2,Pizza,140.93,0,0.0
2025-04-27,West,S2,Pizza,88.91,0,0.0
2025-04-28,West,S2,Pizza,102.94,0,0.0
2025-04-29,West,S2,Pizza,117.01,0,0.0
2025-04-30,West,S2,Pizza,121.07,0,0.0
2025-05-01,West,S2,Pizza,125.04,0,0.0
2025-05-02,West,S2,Pizza,123.98,0,0.0
2025-05-03,West,S2,Pizza,134.16,0,0.0
2025-05-04,West,S2,Pizza,93.16,0,0.0
2025-05-05,West,S2,Pizza,103.37,0,0.0
2025-05-06,West,S2,Pizza,108.6,0,0.0
2025-05-07,West,S2,Pizza,117.76,0,0.0
2025-05-08,West,S2,Pizza,126.9,0,0.0
2025-05-09,West,S2,Pizza,122.42,0,0.0
2025-05-10,West,S2,Pizza,142.38,0,0.0
2025-05-11,West,S2,Pizza,98.26,0,0.0
2025-05-12,West,S2,Pizza,106.31,0,0.0
2025-05-13,West,S2,Pizza,115.73,0,0.0
2025-05-14,West,S2,Pizza,120.31,0,0.0
2025-05-15,West,S2,Pizza,124.7,0,0.0
2025-05-16,West,S2,Pizza,124.01,0,0.0
2025-05-17,West,S2,Pizza,137.34,0,0.0
2025-05-18,West,S2,Pizza,97.89,0,0.0
2025-05-19,West,S2,Pizza,96.93,0,0.0
2025-05-20,West,S2,Pizza,107.74,0,0.0
2025-05-21,West,S2,Pizza,113.59,0,0.0
2025-05-22,West,S2,Pizza,115.85,0,0.0
2025-05-23,West,S2,Pizza,128.65,0,0.0
2025-05-24,West,S2,Pizza,138.56,0,0.0
2025-05-25,West,S2,Pizza,85.96,0,0.0
2025-05-26,West,S2,Pizza,103.02,0,0.0
2025-05-27,West,S2,Pizza,121.16,0,0.0
2025-05-28,West,S2,Pizza,124.56,0,0.0
2025-05-29,West,S2,Pizza,128.1,0,0.0
2025-05-30,West,S2,Pizza,123.65,0,0.0
2025-05-31,West,S2,Pizza,137.48,0,0.0
2025-06-01,West,S2,Pizza,95.0,0,0.0
2025-06-02,West,S2,Pizza,95.72,0,0.0
2025-06-03,West,S2,Pizza,114.39,0,0.0
2025-06-04,West,S2,Pizza,114.41,0,0.0
2025-06-05,West,S2,Pizza,128.86,0,0.0
2025-06-06,West,S2,Pizza,126.64,0,0.0
2025-06-07,West,S2,Pizza,165.43,1,0.1
2025-06-08,West,S2,Pizza,93.6,0,0.0
2025-06-09,West,S2,Pizza,96.06,0,0.0
2025-06-10,West,S2,Pizza,105.37,0,0.0
2025-06-11,West,S2,Pizza,116.44,0,0.0
2025-06-12,West,S2,Pizza,126.87,0,0.0
2025-06-13,West,S2,Pizza,134.52,0,0.0
2025-06-14,West,S2,Pizza,136.14,0,0.0
2025-06-15,West,S2,Pizza,97.46,0,0.0
2025-06-16,West,S2,Pizza,106.07,0,0.0
2025-06-17,West,S2,Pizza,120.74,0,0.0
2025-06-18,West,S2,Pizza,122.34,0,0.0
2025-06-19,West,S2,Pizza,126.91,0,0.0
2025-06-20,West,S2,Pizza,129.55,0,0.0
2025-06-21,West,S2,Pizza,139.98,0,0.0
2025-06-22,West,S2,Pizza,104.14,0,0.0
2025-06-23,West,S2,Pizza,103.8,0,0.0
2025-06-24,West,S2,Pizza,111.86,0,0.0
2025-06-25,West,S2,Pizza,123.11,0,0.0
2025-06-26,West,S2,Pizza,120.64,0,0.0
2025-06-27,West,S2,Pizza,127.69,0,0.0
2025-06-28,West,S2,Pizza,145.19,0,0.0
2025-06-29,West,S2,Pizza,99.51,0,0.0
2025-06-30,West,S2,Pizza,110.48,0,0.0
2025-07-01,West,S2,Pizza,107.9,0,0.0
2025-07-02,West,S2,Pizza,118.76,0,0.0
2025-07-03,West,S2,Pizza,131.52,0,0.0
2025-07-04,West,S2,Pizza,132.22,0,0.0
2025-07-05,West,S2,Pizza,142.43,0,0.0
2025-07-06,West,S2,Pizza,99.02,0,0.0
2025-07-07,West,S2,Pizza,101.34,0,0.0
2025-07-08,West,S2,Pizza,114.86,0,0.0
2025-07-09,West,S2,Pizza,122.25,0,0.0
2025-07-10,West,S2,Pizza,138.43,0,0.0
2025-07-11,West,S2,Pizza,131.61,0,0.0
2025-07-12,West,S2,Pizza,162.72,1,0.1
2025-07-13,West,S2,Pizza,102.71,0,0.0
2025-07-14,West,S2,Pizza,107.7,0,0.0
2025-07-15,West,S2,Pizza,117.66,0,0.0
2025-07-16,West,S2,Pizza,120.24,0,0.0
2025-07-17,West,S2,Pizza,121.41,0,0.0
2025-07-18,West,S2,Pizza,128.56,0,0.0
2025-07-19,West,S2,Pizza,160.47,1,0.05
2025-07-20,West,S2,Pizza,95.52,0,0.0
2025-07-21,West,S2,Pizza,101.51,0,0.0
2025-07-22,West,S2,Pizza,119.0,0,0.0
2025-07-23,West,S2,Pizza,123.68,0,0.0
2025-07-24,West,S2,Pizza,123.56,0,0.0
2025-07-25,West,S2,Pizza,121.58,0,0.0
2025-07-26,West,S2,Pizza,142.9,0,0.0
2025-07-27,West,S2,Pizza,109.24,0,0.0
2025-07-28,West,S2,Pizza,105.5,0,0.0
2025-07-29,West,S2,Pizza,114.17,0,0.0
2025-07-30,West,S2,Pizza,125.42,0,0.0
2025-07-31,West,S2,Pizza,134.6,0,0.0
2025-08-01,West,S2,Pizza,139.69,0,0.0
2025-08-02,West,S2,Pizza,155.61,0,0.0
2025-08-03,West,S2,Pizza,103.62,0,0.0
2025-08-04,West,S2,Pizza,108.79,0,0.0
2025-08-05,West,S2,Pizza,113.79,0,0.0
2025-08-06,West,S2,Pizza,120.25,0,0.0
2025-08-07,West,S2,Pizza,135.9,0,0.0
2025-08-08,West,S2,Pizza,136.25,0,0.0
2025-08-09,West,S2,Pizza,157.54,0,0.0
2025-08-10,West,S2,Pizza,101.99,0,0.0
2025-08-11,West,S2,Pizza,103.64,0,0.0
2025-08-12,West,S2,Pizza,119.94,0,0.0
2025-08-13,West,S2,Pizza,118.9,0,0.0
2025-08-14,West,S2,Pizza,132.38,0,0.0
2025-08-15,West,S2,Pizza,139.07,0,0.0
2025-08-16,West,S2,Pizza,156.08,0,0.0
2025-08-17,West,S2,Pizza,97.46,0,0.0
2025-08-18,West,S2,Pizza,106.22,0,0.0
2025-08-19,West,S2,Pizza,119.28,0,0.0
2025-08-20,West,S2,Pizza,128.4,0,0.0
2025-01-01,West,S2,Burger,82.74,0,0.0
2025-01-02,West,S2,Burger,92.19,0,0.0
2025-01-03,West,S2,Burger,100.84,0,0.0
2025-01-04,West,S2,Burger,109.07,0,0.0
2025-01-05,West,S2,Burger,70.99,0,0.0
2025-01-06,West,S2,Burger,67.24,0,0.0
2025-01-07,West,S2,Burger,74.02,0,0.0
2025-01-08,West,S2,Burger,89.14,0,0.0
2025-01-09,West,S2,Burger,80.48,0,0.0
2025-01-10,West,S2,Burger,92.29,0,0.0
2025-01-11,West,S2,Burger,110.51,0,0.0
2025-01-12,West,S2,Burger,70.57,0,0.0
2025-01-13,West,S2,Burger,73.36,0,0.0
2025-01-14,West,S2,Burger,74.86,0,0.0
2025-01-15,West,S2,Burger,84.05,0,0.0
2025-01-16,West,S2,Burger,97.03,0,0.0
2025-01-17,West,S2,Burger,96.24,0,0.0
2025-01-18,West,S2,Burger,102.12,0,0.0
2025-01-19,West,S2,Burger,66.49,0,0.0
2025-01-20,West,S2,Burger,81.08,0,0.0
2025-01-21,West,S2,Burger,93.89,0,0.0
2025-01-22,West,S2,Burger,86.98,0,0.0
2025-01-23,West,S2,Burger,90.76,0,0.0
2025-01-24,West,S2,Burger,87.78,0,0.0
2025-01-25,West,S2,Burger,104.09,0,0.0
2025-01-26,West,S2,Burger,59.94,0,0.0
2025-01-27,West,S2,Burger,74.06,0,0.0
2025-01-28,West,S2,Burger,77.47,0,0.0
2025-01-29,West,S2,Burger,97.49,0,0.0
2025-01-30,West,S2,Burger,98.84,0,0.0
2025-01-31,West,S2,Burger,88.55,0,0.0
2025-02-01,West,S2,Burger,110.21,1,0.1
2025-02-02,West,S2,Burger,73.06,0,0.0
2025-02-03,West,S2,Burger,74.23,0,0.0
2025-02-04,West,S2,Burger,76.75,0,0.0
2025-02-05,West,S2,Burger,91.12,0,0.0
2025-02-06,West,S2,Burger,91.73,0,0.0
2025-02-07,West,S2,Burger,90.13,0,0.0
2025-02-08,West,S2,Burger,105.2,0,0.0
2025-02-09,West,S2,Burger,69.89,0,0.0
2025-02-10,West,S2,Burger,77.33,0,0.0
2025-02-11,West,S2,Burger,84.65,0,0.0
2025-02-12,West,S2,Burger,91.53,0,0.0
2025-02-13,West,S2,Burger,98.9,0,0.0
2025-02-14,West,S2,Burger,92.53,0,0.0
2025-02-15,West,S2,Burger,99.21,0,0.0
2025-02-16,West,S2,Burger,69.97,0,0.0
2025-02-17,West,S2,Burger,69.13,0,0.0
2025-02-18,West,S2,Burger,72.02,0,0.0
2025-02-19,West,S2,Burger,89.12,0,0.0
2025-02-20,West,S2,Burger,97.66,0,0.0
2025-02-21,West,S2,Burger,96.62,0,0.0
2025-02-22,West,S2,Burger,100.4,0,0.0
2025-02-23,West,S2,Burger,66.45,0,0.0
2025-02-24,West,S2,Burger,80.24,0,0.0
2025-02-25,West,S2,Burger,92.42,0,0.0
2025-02-26,West,S2,Burger,86.68,0,0.0
2025-02-27,West,S2,Burger,91.08,0,0.0
2025-02-28,West,S2,Burger,99.53,0,0.0
2025-03-01,West,S2,Burger,110.06,0,0.0
2025-03-02,West,S2,Burger,75.46,0,0.0
2025-03-03,West,S2,Burger,77.18,0,0.0
2025-03-04,West,S2,Burger,80.64,0,0.0
2025-03-05,West,S2,Burger,84.77,0,0.0
2025-03-06,West,S2,Burger,97.93,0,0.0
2025-03-07,West,S2,Burger,94.02,0,0.0
2025-03-08,West,S2,Burger,106.48,0,0.0
2025-03-09,West,S2,Burger,66.87,0,0.0
2025-03-10,West,S2,Burger,81.04,0,0.0
2025-03-11,West,S2,Burger,78.62,0,0.0
2025-03-12,West,S2,Burger,91.55,0,0.0
2025-03-13,West,S2,Burger,83.31,0,0.0
2025-03-14,West,S2,Burger,94.06,0,0.0
2025-03-15,West,S2,Burger,99.99,0,0.0
2025-03-16,West,S2,Burger,71.56,0,0.0
2025-03-17,West,S2,Burger,78.6,0,0.0
2025-03-18,West,S2,Burger,88.61,0,0.0
2025-03-19,West,S2,Burger,81.23,0,0.0
2025-03-20,West,S2,Burger,100.5,0,0.0
2025-03-21,West,S2,Burger,109.41,1,0.1
2025-03-22,West,S2,Burger,106.2,0,0.0
2025-03-23,West,S2,Burger,67.27,0,0.0
2025-03-24,West,S2,Burger,78.84,0,0.0
2025-03-25,West,S2,Burger,93.4,0,0.0
2025-03-26,West,S2,Burger,96.08,0,0.0
2025-03-27,West,S2,Burger,91.32,0,0.0
2025-03-28,West,S2,Burger,98.77,0,0.0
2025-03-29,West,S2,Burger,103.17,0,0.0
2025-03-30,West,S2,Burger,69.91,0,0.0
2025-03-31,West,S2,Burger,71.93,0,0.0
2025-04-01,West,S2,Burger,79.68,0,0.0
2025-04-02,West,S2,Burger,101.61,0,0.0
2025-04-03,West,S2,Burger,100.99,0,0.0
2025-04-04,West,S2,Burger,96.51,0,0.0
2025-04-05,West,S2,Burger,104.55,0,0.0
2025-04-06,West,S2,Burger,69.66,0,0.0
2025-04-07,West,S2,Burger,78.92,0,0.0
2025-04-08,West,S2,Burger,89.93,0,0.0
2025-04-09,West,S2,Burger,92.33,0,0.0
2025-04-10,West,S2,Burger,93.39,0,0.0
2025-04-11,West,S2,Burger,104.12,0,0.0
2025-04-12,West,S2,Burger,111.71,0,0.0
2025-04-13,West,S2,Burger,75.53,0,0.0
2025-04-14,West,S2,Burger,77.23,0,0.0
2025-04-15,West,S2,Burger,84.62,0,0.0
2025-04-16,West,S2,Burger,85.76,0,0.0
2025-04-17,West,S2,Burger,92.24,0,0.0
2025-04-18,West,S2,Burger,100.86,0,0.0
2025-04-19,West,S2,Burger,112.75,0,0.0
2025-04-20,West,S2,Burger,79.04,0,0.0
2025-04-21,West,S2,Burger,77.72,0,0.0
2025-04-22,West,S2,Burger,82.04,0,0.0
2025-04-23,West,S2,Burger,98.79,0,0.0
2025-04-24,West,S2,Burger,96.43,0,0.0
2025-04-25,West,S2,Burger,102.41,0,0.0
2025-04-26,West,S2,Burger,113.92,0,0.0
2025-04-27,West,S2,Burger,77.74,0,0.0
2025-04-28,West,S2,Burger,77.65,0,0.0
2025-04-29,West,S2,Burger,87.15,0,0.0
2025-04-30,West,S2,Burger,87.5,0,0.0
2025-05-01,West,S2,Burger,94.73,0,0.0
2025-05-02,West,S2,Burger,102.31,0,0.0
2025-05-03,West,S2,Burger,96.46,0,0.0
2025-05-04,West,S2,Burger,79.93,0,0.0
2025-05-05,West,S2,Burger,84.69,0,0.0
2025-05-06,West,S2,Burger,85.21,0,0.0
2025-05-07,West,S2,Burger,91.73,0,0.0
2025-05-08,West,S2,Burger,93.09,0,0.0
2025-05-09,West,S2,Burger,101.48,0,0.0
2025-05-10,West,S2,Burger,101.2,0,0.0
2025-05-11,West,S2,Burger,77.77,0,0.0
2025-05-12,West,S2,Burger,72.78,0,0.0
2025-05-13,West,S2,Burger,95.1,0,0.0
2025-05-14,West,S2,Burger,93.71,0,0.0
2025-05-15,West,S2,Burger,93.48,0,0.0
2025-05-16,West,S2,Burger,108.27,0,0.0
2025-05-17,West,S2,Burger,104.84,0,0.0
2025-05-18,West,S2,Burger,80.59,0,0.0
2025-05-19,West,S2,Burger,87.47,0,0.0
2025-05-20,West,S2,Burger,97.47,0,0.0
2025-05-21,West,S2,Burger,87.72,0,0.0
2025-05-22,West,S2,Burger,96.73,0,0.0
2025-05-23,West,S2,Burger,104.08,0,0.0
2025-05-24,West,S2,Burger,104.31,0,0.0
2025-05-25,West,S2,Burger,78.28,0,0.0
2025-05-26,West,S2,Burger,94.34,0,0.0
2025-05-27,West,S2,Burger,92.8,0,0.0
2025-05-28,West,S2,Burger,100.79,0,0.0
2025-05-29,West,S2,Burger,100.31,0,0.0
2025-05-30,West,S2,Burger,107.44,0,0.0
2025-05-31,West,S2,Burger,144.12,1,0.1
2025-06-01,West,S2,Burger,78.62,0,0.0
2025-06-02,West,S2,Burger,80.77,0,0.0
2025-06-03,West,S2,Burger,86.75,0,0.0
2025-06-04,West,S2,Burger,102.48,0,0.0
2025-06-05,West,S2,Burger,105.52,0,0.0
2025-06-06,West,S2,Burger,118.59,1,0.05
2025-06-07,West,S2,Burger,103.11,0,0.0
2025-06-08,West,S2,Burger,87.91,0,0.0
2025-06-09,West,S2,Burger,74.38,0,0.0
2025-06-10,West,S2,Burger,89.78,0,0.0
2025-06-11,West,S2,Burger,97.65,0,0.0
2025-06-12,West,S2,Burger,99.1,0,0.0
2025-06-13,West,S2,Burger,101.13,0,0.0
2025-06-14,West,S2,Burger,111.0,0,0.0
2025-06-15,West,S2,Burger,87.39,0,0.0
2025-06-16,West,S2,Burger,79.64,0,0.0
2025-06-17,West,S2,Burger,92.94,0,0.0
2025-06-18,West,S2,Burger,103.83,0,0.0
2025-06-19,West,S2,Burger,101.62,0,0.0
2025-06-20,West,S2,Burger,111.9,0,0.0
2025-06-21,West,S2,Burger,126.41,1,0.1
2025-06-22,West,S2,Burger,80.41,0,0.0
2025-06-23,West,S2,Burger,85.12,0,0.0
2025-06-24,West,S2,Burger,92.66,0,0.0
2025-06-25,West,S2,Burger,98.68,0,0.0
2025-06-26,West,S2,Burger,93.79,0,0.0
2025-06-27,West,S2,Burger,102.04,0,0.0
2025-06-28,West,S2,Burger,117.25,0,0.0
2025-06-29,West,S2,Burger,83.35,0,0.0
2025-06-30,West,S2,Burger,90.82,0,0.0
2025-07-01,West,S2,Burger,95.2,0,0.0
2025-07-02,West,S2,Burger,105.02,0,0.0
2025-07-03,West,S2,Burger,95.84,0,0.0
2025-07-04,West,S2,Burger,97.01,0,0.0
2025-07-05,West,S2,Burger,136.08,1,0.1
2025-07-06,West,S2,Burger,80.81,0,0.0
2025-07-07,West,S2,Burger,81.87,0,0.0
2025-07-08,West,S2,Burger,96.49,0,0.0
2025-07-09,West,S2,Burger,100.27,0,0.0
2025-07-10,West,S2,Burger,106.47,0,0.0
2025-07-11,West,S2,Burger,101.59,0,0.0
2025-07-12,West,S2,Burger,119.93,1,0.05
2025-07-13,West,S2,Burger,79.9,0,0.0
2025-07-14,West,S2,Burger,93.64,0,0.0
2025-07-15,West,S2,Burger,93.6,0,0.0
2025-07-16,West,S2,Burger,99.37,0,0.0
2025-07-17,West,S2,Burger,109.53,0,0.0
2025-07-18,West,S2,Burger,115.13,0,0.0
2025-07-19,West,S2,Burger,113.99,0,0.0
2025-07-20,West,S2,Burger,75.97,0,0.0
2025-07-21,West,S2,Burger,94.31,0,0.0
2025-07-22,West,S2,Burger,91.09,0,0.0
2025-07-23,West,S2,Burger,104.03,0,0.0
2025-07-24,West,S2,Burger,109.26,0,0.0
2025-07-25,West,S2,Burger,115.41,0,0.0
2025-07-26,West,S2,Burger,118.45,0,0.0
2025-07-27,West,S2,Burger,88.77,0,0.0
2025-07-28,West,S2,Burger,80.07,0,0.0
2025-07-29,West,S2,Burger,104.4,0,0.0
2025-07-30,West,S2,Burger,95.47,0,0.0
2025-07-31,West,S2,Burger,107.26,0,0.0
2025-08-01,West,S2,Burger,104.2,0,0.0
2025-08-02,West,S2,Burger,117.68,0,0.0
2025-08-03,West,S2,Burger,92.04,0,0.0
2025-08-04,West,S2,Burger,91.32,0,0.0
2025-08-05,West,S2,Burger,89.63,0,0.0
2025-08-06,West,S2,Burger,102.72,0,0.0
2025-08-07,West,S2,Burger,103.63,0,0.0
2025-08-08,West,S2,Burger,110.82,0,0.0
2025-08-09,West,S2,Burger,125.57,0,0.0
2025-08-10,West,S2,Burger,91.27,0,0.0
2025-08-11,West,S2,Burger,87.44,0,0.0
2025-08-12,West,S2,Burger,90.15,0,0.0
2025-08-13,West,S2,Burger,101.7,0,0.0
2025-08-14,West,S2,Burger,109.38,0,0.0
2025-08-15,West,S2,Burger,106.06,0,0.0
2025-08-16,West,S2,Burger,127.89,0,0.0
2025-08-17,West,S2,Burger,87.58,0,0.0
2025-08-18,West,S2,Burger,87.4,0,0.0
2025-08-19,West,S2,Burger,98.4,0,0.0
2025-08-20,West,S2,Burger,97.95,0,0.0
